CustomerID,CompanyName,ContactName,ContactTitle,Address,City,PostalCode,Country,Phone
1,"Smith, Weaver and Aguilar",Kent Lee,Human resources officer,"738 Michael Key
Gregoryborough, VI 44469",Madelineland,08803,France,2348999195007
2,Harrison LLC,Kristen Anderson,"Engineer, manufacturing","1348 Perez Corner Apt. 827
New Brent, MT 16182",North Jamesstad,21521,Greenland,2348989363234
3,Frey-Jacobs,Anthony Howell,Petroleum engineer,"Unit 1840 Box 0620
DPO AP 79578",Petersonfort,42569,Brunei Darussalam,2348776012852
4,"Hensley, Webb and Cox",Jill Lawson,"Producer, radio","Unit 7369 Box 3205
DPO AE 21588",Bradleyland,21599,Turkey,2348907398467
5,Daniels-Ross,Amanda Ortiz,"Psychotherapist, dance movement","851 Jeremy Lake
Davistown, HI 93666",New Philip,68230,Nauru,2348028717743
6,Vasquez LLC,Mark Hull,Call centre manager,"0996 Benjamin Plaza Apt. 633
North Katiemouth, CT 62960",Reevesview,21704,Belgium,2348076480033
7,"Cook, Summers and Harrison",Carol Webster,Public house manager,"USNV Rodriguez
FPO AE 10324",East Williamfurt,26980,Montserrat,2348911184621
8,"Hall, Ortega and Stephens",Jamie Herrera,Adult guidance worker,"0277 Kathy Drive
West Donnaborough, TX 87726",Jenniferville,29629,Tunisia,2348014980753
9,"Smith, Fisher and Wheeler",Vicki Cooper,Psychotherapist,"51216 Mary Islands
Lake Kayla, UT 32285",South Williamfort,73557,French Polynesia,2348750908344
10,Rogers-Baxter,Travis Santiago,Land/geomatics surveyor,"0657 Dawn Ferry
Lake Annview, TN 18572",South Erik,65762,Ethiopia,2348172660170
11,Skinner PLC,Mr. Robert Holmes,"Engineer, aeronautical","8520 Montes Skyway
East Nicole, KY 70569",West Stephanieside,11072,Faroe Islands,2348707749966
12,Brown Ltd,Michael Hensley,Horticultural therapist,"552 Jackson Flats
Jonathanmouth, TX 53923",Ramirezside,49479,Azerbaijan,2348791153787
13,Jones PLC,Melissa Holland,Sports development officer,"5003 Molina Parkway
Lake Daniel, VA 60865",North Jacqueline,58177,New Caledonia,2348049599719
14,Francis-Rodriguez,Leonard Rice,Magazine features editor,"70795 Nguyen Corner
Ramirezport, NJ 75994",Monicafort,67175,Saint Lucia,2348953654153
15,Cole PLC,Lauren Clark,"Teacher, special educational needs","4338 Duran Villages
Leeville, NE 70347",Mikaylaport,23738,Malaysia,2348724421841
16,Bernard-Brooks,David Miller,Youth worker,"5391 Park Street Apt. 727
Colemanstad, MP 56810",Lake Gary,55910,Armenia,2348030302231
17,"Hahn, Mullen and Arnold",Christine Jensen,Youth worker,"PSC 3121, Box 7015
APO AE 33895",Carolside,87418,Botswana,2348061515576
18,Thompson-Lucas,Robert Williams,"Psychologist, counselling","17957 Sanders Pike
East Lauren, VI 49768",Jessicashire,49333,Central African Republic,2348026302943
19,Horn-Thomas,Phillip Peters,"Engineer, aeronautical","41092 Mary Land Suite 517
East Cassandrafort, MA 96083",Port Samuel,64397,Italy,2348756528145
20,Bush and Sons,Tonya Smith,Advertising copywriter,"71160 Harrison Tunnel Suite 214
Lake Vanessa, MH 58594",North Melissachester,80150,Kiribati,2348948394916
21,Torres Inc,Jonathan Jones,Retail banker,"8245 Alexander Estates
Jamesfurt, MD 81098",Roberttown,03120,French Polynesia,2348027499254
22,Smith-Guzman,Peter Huff,Learning mentor,"175 Black Harbors
South Dustin, CT 23850",New Brenda,02841,Guernsey,2348034658823
23,Scott PLC,Cynthia Winters,Medical technical officer,"24954 Carr Street
Matthewland, AS 68109",Johnsonfurt,96574,Latvia,2348180069843
24,Myers Ltd,Gregory Curry,Secretary/administrator,"90181 Rios Course
Rodriguezfort, OK 54983",Calderonmouth,75899,Korea,2348969283832
25,Gaines Inc,Allison Jennings,Stage manager,"4783 Robles Field
South Matthew, AZ 71072",Wadeview,59295,Reunion,2348026423948
26,"Lee, Rodgers and Murray",Angela Davis,Radio producer,"1073 Donald Estates
East Darrellport, OK 98541",Davidberg,36091,Morocco,2348734494302
27,"Fowler, Rodriguez and Mason",Justin Clements,Oceanographer,"PSC 7381, Box 0392
APO AP 90163",Eileenside,16098,Burundi,2348153799773
28,Raymond-Davis,Amy Peters,Museum/gallery curator,"37639 Brown Fall
West Elaine, GA 15695",Nicolemouth,17454,Ghana,2348094837460
29,Andersen-Cox,Stacie Taylor,"Nurse, adult","Unit 0151 Box 4061
DPO AP 76828",South Natalieburgh,19228,Egypt,2348164846467
30,Kelley PLC,Pamela Stewart,Sales executive,"USNV Sanchez
FPO AP 26857",North Randyton,94070,Western Sahara,2348798477712
31,Lynch-Barrera,Connie Holmes,Animator,"6174 Joseph Course Suite 845
Port Jennifertown, NJ 94262",Port Mark,57859,Turkey,2348085276188
32,Padilla Ltd,Emily Coleman,Field seismologist,"633 Pamela Knoll
Gonzalezmouth, AK 64768",Reneefort,75990,Turkmenistan,2348025327089
33,Weber Group,Veronica Lawrence,"Doctor, hospital","4978 Kimberly Street
Melissafort, OR 42011",Lake Laura,48412,Turkey,2348916988015
34,Martin-Carter,Steve Cox,"Scientist, research (physical sciences)","0408 Mendez Roads
East Angela, RI 41860",North Markton,03248,Svalbard & Jan Mayen Islands,2348039728802
35,Stout-Lewis,Bradley Miles,Armed forces technical officer,"4969 Gamble Spurs Apt. 254
Cobbmouth, WA 32599",Ruizbury,26780,Ireland,2348043451478
36,Miller Ltd,Michael Costa,Public relations officer,"26928 Howard Parkway Apt. 986
New Jeffrey, LA 92090",New Rebeccatown,00801,British Indian Ocean Territory (Chagos Archipelago),2348965514029
37,"Carr, Goodman and Martin",Nathan Harris,Hydrographic surveyor,"2351 Benjamin Field Suite 151
Hollyburgh, PW 48399",Port Maryton,65189,Peru,2348781213123
38,Jackson-Pierce,Joshua Jacobson,"Engineer, civil (consulting)","931 Tran Ferry
South Robertstad, OK 07757",West Cassie,72366,Estonia,2348748943822
39,Hamilton Group,Juan Jones,Public librarian,"46961 Mccullough Fords Suite 979
North Cynthia, DC 62045",New John,85618,Colombia,2348087708160
40,Williams Ltd,Jason Chapman,"Engineer, mining","634 Jeremy Extensions Suite 733
Port Cesar, TN 34248",North Ruthfort,92310,Netherlands Antilles,2348022603819
41,Powell-Woodard,Joseph Williams,Health physicist,"29409 Fernandez Hill
North Veronicachester, FL 28659",Johnland,77713,Moldova,2348043911864
42,Watson-Hogan,Steven Butler,Consulting civil engineer,"48725 Jackson Highway Apt. 507
South Tiffanyfurt, CO 64189",North Alice,54860,Saudi Arabia,2348982657107
43,Garrison PLC,Anthony Lopez,Education administrator,"24318 Brian Plains Apt. 588
Amyshire, NE 74984",Davidmouth,58889,Svalbard & Jan Mayen Islands,2348155261492
44,Miller-Henderson,Alexandra Miller,Camera operator,"4543 Scott Street
North Matthewchester, GU 06217",Kimberlychester,82540,Timor-Leste,2348724688505
45,"Ellison, Cruz and Shaffer",Timothy Ward,Chartered public finance accountant,"306 Hunt Well Suite 393
New Collinville, PA 39330",Lake Erika,72412,Afghanistan,2348732786903
46,Summers PLC,Amanda Ray,Medical secretary,"95221 Brittney Mountain
New Maryport, PA 88158",Lopezhaven,92856,Grenada,2348156886797
47,Bradley Group,Paul Mcdaniel,"Editor, film/video","89118 Tracey Canyon
Dalefurt, NH 70250",Martinborough,90058,Albania,2348012193166
48,Baxter PLC,Anita Boyd DDS,Music tutor,"390 Mcneil Pines Suite 364
West Crystal, WA 10695",Ashleymouth,54454,Aruba,2348071973494
49,"Reid, Meyer and Knight",Dana Barnes,"Psychologist, counselling","8365 Boone Estates Suite 729
North Jessicastad, VI 65799",Monicatown,45187,Kazakhstan,2348136846137
50,Brandt-Bautista,Denise Parker,Health visitor,"40152 Rhonda Courts
Alishaberg, MS 54994",Shannonhaven,39039,Norway,2348037460587
51,Ruiz-Jones,Patrick Williams,Claims inspector/assessor,"98490 Sara Cliffs
Hallstad, RI 53123",Powersberg,64032,New Zealand,2348731867635
52,Bowers-Patterson,Michael Rowe,Outdoor activities/education manager,"997 Cynthia Underpass Apt. 383
Davidborough, GU 68330",Obrienport,04891,Martinique,2348790372036
53,Reed-Johnson,Mark Williams,Dispensing optician,"1516 Gary Brook Apt. 349
Richardville, VA 37588",Bradleyport,33115,Norway,2348901855228
54,Krause-Harrison,Christopher Mosley,Corporate investment banker,"983 Burnett Pines
North Kimberly, IA 50033",Michaelside,76122,Israel,2348710907694
55,Stevenson LLC,Richard Clark,Advertising account executive,"927 Robinson Junctions
Harrisport, IA 78425",Lake Juan,55698,Colombia,2348116655194
56,"Mcclure, King and Thomas",Christopher Hunt,Intelligence analyst,"972 Frank Roads
Kristinshire, LA 55937",West Lisa,27309,Bosnia and Herzegovina,2348942966820
57,Clark-Miller,Jillian Hill,Water engineer,"9703 Jenkins Lights
Philiphaven, TN 64489",Hamiltonmouth,44196,Togo,2348766731495
58,Compton Group,Nicholas Berg,"Engineer, aeronautical","63924 Roth Hill Apt. 838
New Hannahchester, NV 30881",Bettytown,17462,India,2348727219905
59,Mcclain LLC,Virginia Ibarra,"Engineer, land","885 Harris Divide Apt. 756
Scottbury, MN 71890",Floydhaven,48604,Micronesia,2348152402267
60,"Powell, Duke and Spencer",Jeff Lee II,Clothing/textile technologist,"5725 Ray Island
East Micheletown, FM 30486",New Patrickfort,95348,Yemen,2348932709119
61,"Williamson, Johnson and Miller",Joseph Villanueva,Chiropractor,"88390 Kimberly Terrace Suite 863
West Luis, IN 38784",Dakotamouth,67275,Antigua and Barbuda,2348134665807
62,Sandoval Inc,Jennifer Goodman,Financial controller,"75544 Perkins Lodge Apt. 432
Baileystad, MH 61259",East Dylanberg,28598,Solomon Islands,2348750020099
63,Powell Ltd,Denise Li,Speech and language therapist,"834 Matthew Crossing
Jamestown, SD 30834",East Cassandraburgh,19013,Germany,2348731836525
64,"Neal, Lee and Cook",Crystal Barnett,Architectural technologist,"556 Derrick Port
Edwardston, AZ 08672",Wallsfurt,91906,Monaco,2348929982987
65,"Cross, Guerrero and Schmidt",William Alvarado,Hydrologist,"586 Campbell Canyon Apt. 950
Martinport, VA 58858",Michelemouth,84220,Gibraltar,2348930428781
66,Garrett LLC,Tina Spence,Marketing executive,"651 John Station Suite 209
New Josefort, IN 50220",West Patrickbury,54499,Slovenia,2348781073993
67,"Anthony, Strickland and Thompson",Keith Heath,Brewing technologist,"5010 Isabel Passage
East Kristina, WV 62643",West Keithview,53404,Eritrea,2348916208103
68,"Hernandez, Sutton and Simmons",Carrie Alexander,"Research officer, trade union","471 Heather Shoals
Clarkchester, MP 65893",New Beckyfort,52874,Niger,2348144457331
69,"Watkins, Tanner and Davila",Daniel Stephens,"Clinical scientist, histocompatibility and immunogenetics","56040 Carl Grove
Williamsland, HI 55403",Michellefort,47569,Cote d'Ivoire,2348146137211
70,Matthews LLC,Gregory Simpson,Financial controller,"32477 Rivera Via
Robertport, CO 25204",Robersonport,83863,Latvia,2348169077625
71,Meadows-King,Brandon Brown,"Physicist, medical","3337 Obrien Ports
Adamborough, IL 13838",Ashleyberg,86504,Faroe Islands,2348184292955
72,Wood Ltd,Sarah Perkins,Metallurgist,"815 Mary Expressway Suite 880
Randyberg, AR 16759",West Emily,82854,Venezuela,2348933246994
73,"Haney, Foley and Thompson",Yvette Taylor,Travel agency manager,"1913 Stanley Extensions Apt. 183
Bishopbury, IA 92369",Amberberg,44543,Solomon Islands,2348984157902
74,Potts-Kim,Jennifer Harvey,Armed forces training and education officer,"6724 Pugh Mount
West Jill, CT 26199",Wisechester,69217,Guinea-Bissau,2348933784828
75,Shepherd PLC,Jacob Howell,Video editor,"13519 Roth Parks Suite 211
Sanchezburgh, NC 03026",Charlesville,12671,Libyan Arab Jamahiriya,2348125432243
76,Oconnell Inc,Aaron Roberts,Information officer,"PSC 2021, Box 3385
APO AA 91139",Amberfort,77901,French Southern Territories,2348988103752
77,"Webb, Davenport and Clarke",William Lopez,Structural engineer,"035 Aguirre Fords
Port Jacob, IN 36107",Fieldsville,92145,Mongolia,2348058652092
78,"Sutton, Avery and Thomas",Justin Stewart,"Engineer, electrical","55704 Ortiz Pike
Garnerfurt, ME 54978",East Breannabury,09068,Malawi,2348991006325
79,Allen-Smith,Michael Nelson,Tourism officer,"Unit 6761 Box 8872
DPO AP 25406",Welchview,94207,Tonga,2348916018777
80,Cunningham-Evans,Robert Smith,Private music teacher,"60775 Trevor Parkways
Port Marystad, PW 71961",Lake Lisa,91421,Jamaica,2348951556674
81,Rodriguez PLC,Kevin Hobbs,Chiropodist,"2995 Sally Mountains Suite 553
West Charles, NM 28179",Zoefort,48554,Moldova,2348917920607
82,"Phillips, Carrillo and Hill",Adam Sanchez,"Journalist, magazine","82031 Cruz View
Choitown, ME 91611",Desireeshire,48865,Tuvalu,2348136161691
83,"White, Taylor and Hunter",Jeffrey Cruz,"Engineer, manufacturing","24823 Avery Trafficway
Gwendolynberg, FL 77155",East Rebeccabury,16125,Costa Rica,2348014407487
84,Perez-Butler,Lisa Robles,Commercial/residential surveyor,"PSC 9405, Box 3525
APO AP 96721",West Angelafort,82161,India,2348718894963
85,Obrien LLC,Christopher Moore,Sports development officer,"10333 Edwards Views
Sarahberg, WA 85943",Russellton,60563,Western Sahara,2348057066922
86,"Valencia, Monroe and Cole",Jeffrey Garcia,Prison officer,"417 Kimberly Locks Apt. 145
Michaelburgh, PA 98423",Port Joshuaberg,68965,Paraguay,2348026743437
87,Mora-Rodriguez,Misty Vasquez,Clinical psychologist,"024 Brian Lock Apt. 006
Palmermouth, OK 41170",Michaelberg,14393,Nigeria,2348127514678
88,"Gomez, Bell and Reynolds",Nathan Solis,"Therapist, music","4532 Nancy Villages Suite 016
Brewerville, ID 13819",Stephanieberg,61704,Brunei Darussalam,2348977155068
89,"Pearson, Perkins and White",Monica Martinez,Podiatrist,"33086 Harding Wall Suite 538
Wagnerland, NE 36549",North Jennifer,49809,Jordan,2348118370709
90,"Smith, Jones and Martinez",Sherri Thomas,Hydrogeologist,"860 Courtney Island
Blankenshipberg, WI 39968",South Justin,16985,Hungary,2348130943377
91,Whitehead PLC,Mark Webb,Forensic psychologist,"93776 Justin Junctions
Nobleshire, VT 76328",East Kevinchester,16777,Solomon Islands,2348047984515
92,Hart LLC,Samuel Becker,Nature conservation officer,"87188 Thomas Camp
Davisbury, MO 60593",Charlesborough,15653,San Marino,2348080475044
93,Campbell-Liu,Philip Peters,"Surveyor, building control","0494 Richardson Parkways Apt. 977
Staceyland, NE 55366",West Jessica,56169,United States Virgin Islands,2348144480004
94,Mccarthy and Sons,Frederick Pearson,Secretary/administrator,"9399 Schroeder Creek Apt. 304
Port Rachel, MI 14793",South Ericview,96095,Azerbaijan,2348029643518
95,Johnson Inc,Victoria Kim,"Scientist, research (physical sciences)","0776 Alison Station Suite 664
West Annamouth, NY 03032",Ryanberg,28024,Myanmar,2348047696488
96,Diaz-Fernandez,Cindy Morgan,Agricultural consultant,"20874 Moore Inlet Apt. 995
Kingburgh, OH 93279",Lake Hunterland,67981,Moldova,2348165792730
97,Brown-Charles,Nicole Rodriguez,"Exhibitions officer, museum/gallery","6530 Maldonado Extension Apt. 757
Perezbury, WV 27167",Carneyland,28874,Brazil,2348783517050
98,"Martinez, Rocha and Rocha",Tina Hughes,Wellsite geologist,"483 Jason Station Suite 612
North Susanhaven, AZ 47644",Lake Williamchester,27019,Norfolk Island,2348096129672
99,Garcia-Meadows,Candace Rios,Bookseller,"8648 Murray Green
North Stephentown, MD 33454",South Mitchell,76354,Paraguay,2348041445707
100,"Harris, Price and Brown",Danny Lee,"Production designer, theatre/television/film","Unit 9547 Box 6547
DPO AP 95544",New Donnaton,89133,Peru,2348106916852
101,Jackson Inc,Sherry Thomas,"Loss adjuster, chartered","26593 Meghan Harbors Suite 521
Stevenshire, IA 66370",Romeroville,83322,Korea,2348927071221
102,"Peters, Rodriguez and Deleon",Taylor Rivera,Social researcher,"662 Tammy Motorway Apt. 397
South Tiffanytown, IN 46531",Powellchester,36578,Reunion,2348075208554
103,Brooks-Mitchell,Jesse George,Arboriculturist,"Unit 6145 Box 5585
DPO AP 86868",West Kevinbury,99709,Papua New Guinea,2348022086868
104,"Robertson, Anderson and Anderson",Ronald Miller,Aid worker,"698 Bryant Point
Lake Dianeshire, DC 09470",East Jennifer,51142,Vanuatu,2348748326696
105,Cooper LLC,Jeffrey Adams,Leisure centre manager,"5932 Flowers Burgs
South Teresafort, IA 52564",West Robertmouth,08695,Switzerland,2348168061572
106,"Allen, Dean and Fox",Cory Silva,"Psychologist, educational","714 Kim Drives
New Michael, NJ 68685",Wheelerfort,61088,Martinique,2348923250926
107,Thompson-Turner,Justin Calhoun,Site engineer,"USNV Bryant
FPO AP 62736",Davidmouth,46691,Mexico,2348088899640
108,"Potter, Daniels and Logan",John Steele,Medical secretary,"213 Nicholson Shore
New Melissa, OH 01639",New Jamesmouth,25470,Western Sahara,2348109802010
109,Rogers LLC,David Franklin,Curator,"PSC 3298, Box 3075
APO AA 86349",Lesliechester,87600,Mayotte,2348932791175
110,Hobbs-Shaw,James Marshall,Occupational therapist,"58286 Wright Road Apt. 008
Georgeberg, CO 98900",Austinport,01803,Japan,2348058800850
111,"Smith, Brown and Rodriguez",Scott Roman,"Engineer, drilling","PSC 6087, Box 8913
APO AP 91971",Vincentview,44633,Comoros,2348983449487
112,"Fox, Vazquez and Doyle",Krystal Holden,"Surveyor, quantity","4697 Stewart Tunnel Suite 745
Colliermouth, NC 22867",Christopherberg,97453,Norway,2348059174341
113,"Jones, Larsen and Johns",Stephanie Smith,"Physicist, medical","04637 Williams Inlet Apt. 370
New Stevenstad, KY 89414",Krystalville,82328,British Indian Ocean Territory (Chagos Archipelago),2348109895186
114,"Manning, Newton and Bishop",Kelsey Clark,Dispensing optician,"36957 Carroll Coves Suite 153
South Petershire, NC 23257",Tammyshire,25132,Mali,2348967673260
115,Kelly-Banks,Randy Watson,Information systems manager,"93608 Rivas Knoll Apt. 838
Denisemouth, NM 40296",West Becky,01067,Philippines,2348733748370
116,Thomas-Beck,Spencer Buchanan,Commercial/residential surveyor,"859 Carter Mountain Apt. 402
Madisonshire, MN 58876",West Nicholas,40717,Madagascar,2348168644429
117,Brown LLC,Jordan Jimenez,"Designer, industrial/product","05607 Davila Square
Martinport, TX 72921",West Brookefort,14625,Turks and Caicos Islands,2348918652870
118,"Reed, Shields and Garcia",Adam Buck,Science writer,"277 Bishop Parkways
Loveport, PR 79338",Dennistown,64520,United Kingdom,2348108878216
119,Mercer-Jones,Shannon Welch,"Engineer, technical sales","1594 Romero Square
Kirkhaven, KS 14797",Port Benjaminhaven,39531,China,2348748255927
120,"Martinez, Thomas and Walker",Brian Morales,Medical illustrator,"686 Christine Field
West Keithmouth, MH 60158",New Charleschester,69390,Congo,2348756495606
121,"Fitzgerald, Alexander and Lee",Gary Hardy,Actuary,"521 Natalie Lock Suite 856
Lake Jose, RI 44591",Robertport,15205,Seychelles,2348999429335
122,"Graves, Lindsey and Watkins",Donna Bennett,Regulatory affairs officer,"856 Ross Mall
Brianshire, NC 25287",West Derekton,52199,Saint Lucia,2348197933054
123,"Carter, Miller and Fowler",Emily Callahan,Field trials officer,"81061 Hall Hill Apt. 501
North Kristaside, MP 26177",West Sara,79472,Chad,2348071969369
124,Perez-Dixon,Elizabeth Crawford,"Therapist, music","814 Julia Parkway Suite 290
Crosstown, MH 15642",Huntertown,83372,Cocos (Keeling) Islands,2348965060019
125,Berg-Lucas,Leslie Brown,"Scientist, marine","10764 Ashley Turnpike
North Karen, GA 66716",New Kaylaview,50980,Paraguay,2348040112868
126,Sanchez PLC,Christina Douglas,Mental health nurse,"906 Brown Station Apt. 785
New Ashlee, LA 68934",Morganside,67384,Haiti,2348911832547
127,"Mckay, Mckay and Hill",Brandon Martin,Waste management officer,"471 George Mill Apt. 005
Michelleton, IL 80207",Allenshire,43708,Faroe Islands,2348179607591
128,Carter Group,James French,Financial trader,"0434 Simpson Grove
East Tammy, SD 69715",Lake William,87665,Togo,2348940333722
129,House Ltd,Mr. Stephen Fisher,"Engineer, control and instrumentation","55907 Pamela Circle
New Sara, GA 50392",North Dawn,71532,Reunion,2348134915891
130,"Coleman, Hudson and Obrien",Sara Baker,Hydrographic surveyor,"020 Salazar Lane Suite 239
South Coreymouth, HI 45229",Lake Caitlinmouth,38528,Iceland,2348188299599
131,"Burton, Pierce and Turner",Annette Garcia,"Research officer, political party","6669 Daniel Keys
Gallegostown, FM 72598",East Janetmouth,27247,Panama,2348748851741
132,Lucas-Martinez,Amanda Baker,Network engineer,"9902 Meagan Expressway
South Savannahborough, VA 83668",West Ronaldmouth,34723,Puerto Rico,2348087005819
133,Curtis and Sons,Elizabeth Baker,Hotel manager,"1131 Lopez Harbors
Mayland, TN 11083",West Brian,05682,Andorra,2348715405316
134,Morgan-Garcia,Cynthia Armstrong,Further education lecturer,"PSC 1552, Box 4296
APO AA 58836",Robbinschester,34328,Armenia,2348975047618
135,Kane Group,Russell Gomez,"Surveyor, insurance","6937 Ball Cliff Apt. 970
Cooperport, MD 92868",Lake Dawn,36979,Saint Barthelemy,2348052049068
136,Kelly-Brown,Dwayne Rodriguez,Purchasing manager,"PSC 3178, Box 0939
APO AA 44188",Martinezview,81748,Holy See (Vatican City State),2348092055482
137,"Hernandez, Mosley and Wright",Daniel Roberts,Insurance underwriter,"58691 Stout Run
Carolynberg, MT 07623",New Amanda,97422,Nigeria,2348071840744
138,Hodge Ltd,Laura Kaiser,Public house manager,"311 Rogers Squares
Williammouth, FL 94267",New Erinhaven,98627,Haiti,2348173070558
139,"Taylor, Wells and Sharp",Connie Wagner,Naval architect,"1077 Hill Hill Apt. 261
New Danielle, PW 86153",New Davidfort,43362,Vietnam,2348940872271
140,Fox PLC,Shane Russo,Information systems manager,"7022 William Roads
Trevorborough, VT 76744",Anthonybury,85031,Brunei Darussalam,2348121820534
141,Wong Group,Erik Rhodes,Land/geomatics surveyor,"915 Matthew Run Suite 574
West Carolchester, PR 78925",Warrenfort,79546,Poland,2348142938632
142,Calhoun-Cruz,Paul Taylor,"Conservator, museum/gallery","185 Anna Forest
Ortizton, UT 44269",West Ashley,71452,Belarus,2348986841385
143,Martin Group,Tabitha Chapman,Outdoor activities/education manager,"PSC 2020, Box 6371
APO AA 48626",Lake Danielbury,14131,Cote d'Ivoire,2348154279012
144,Long PLC,Carla Santos,"Radiographer, therapeutic","4379 Dana Forks
Olsenside, KY 86207",East Emma,34051,Egypt,2348061224295
145,"Watts, Beltran and Mitchell",Elizabeth Austin,Immunologist,"59632 Angela Oval Suite 912
Port Lisa, MP 78697",Port Marybury,45733,Cocos (Keeling) Islands,2348081954550
146,Conrad Group,David Morgan,Cartographer,"Unit 0697 Box 2930
DPO AA 27706",Mirandachester,34462,American Samoa,2348732821094
147,Ray LLC,Theresa Brooks,Neurosurgeon,"8965 Frost Estate Apt. 014
East Katrina, WA 09187",South Sharonland,80084,Comoros,2348029495454
148,Brown PLC,Russell Nelson,Telecommunications researcher,"491 Laura Overpass
Josephfurt, AS 58888",South Williamburgh,15115,Montserrat,2348750412734
149,Johnson Group,Collin Fisher,"Restaurant manager, fast food","67149 Horne Shores Apt. 769
Edwardsberg, TN 35602",Connerville,62707,Bulgaria,2348797909580
150,Golden-Thomas,Chad Smith,"Surveyor, building","40025 Caldwell Bypass Apt. 174
South Janicestad, KS 08652",Valdezburgh,96520,Central African Republic,2348137251752
151,Flores-Ellis,Angela Williams,Equality and diversity officer,"28488 Christina Falls Apt. 440
Samanthabury, DC 02164",East Brittany,38627,Pitcairn Islands,2348185685653
152,Diaz-Thomas,Holly Elliott,"Administrator, Civil Service","PSC 3871, Box 8267
APO AA 97945",Port Christopherland,94327,Morocco,2348184721490
153,"Bates, Martinez and Lynch",Vincent Wilson,"Chemist, analytical","366 Madison Tunnel Apt. 022
Cortezport, VA 62304",Lake Robert,38453,Cote d'Ivoire,2348962065260
154,Martinez-Owen,James Simmons,Trade mark attorney,"1194 Vargas Keys Apt. 649
West Mauricestad, IN 78672",West Whitneyhaven,88050,Peru,2348053213177
155,Webb and Sons,Matthew Willis,"Scientist, research (medical)","68764 James Parkways Suite 722
Port Eileenshire, AZ 65257",Lake Michaelbury,47849,Palau,2348021796085
156,Marks Group,Olivia Mcdaniel,"Scientist, marine","1267 Macias Extensions
Craigton, NM 55220",Lake Nicholas,73885,Bulgaria,2348706424596
157,"Stevens, Swanson and Gibson",Heather Rogers,Curator,"0924 Lindsey Walk
Port Tiffany, ND 23154",Nguyenborough,35571,British Virgin Islands,2348194833003
158,"Butler, Mccoy and Baker",Michael Reed,Maintenance engineer,"563 Wright Curve Suite 488
Port Matthew, PW 34692",West Stephen,43929,Myanmar,2348996045781
159,Carter-Webb,Heather Harrell,Telecommunications researcher,"9105 Dawson Pine Apt. 733
Sotoview, NM 51487",Lake Amy,14645,Jamaica,2348134046651
160,"Gray, Flores and Golden",Megan Marshall,"Education officer, museum","764 Jones Ford
Joseside, AR 97285",Stacyton,70015,Holy See (Vatican City State),2348763722581
161,Martinez-French,Timothy Reynolds,"Administrator, local government","63944 Griffin Causeway Suite 049
Lake Steven, UT 29256",Haroldtown,55148,Isle of Man,2348927820979
162,Nguyen Inc,Kimberly Brown,Tourist information centre manager,"339 Tracey Bypass
Christophermouth, VI 12511",New Meganville,54536,Kiribati,2348083273483
163,Farrell-Horn,Laura Bright,Radio broadcast assistant,"668 Garcia Harbors
West Donaldbury, SC 32406",Rachelhaven,79732,Cambodia,2348787869093
164,Mckee-Young,Megan Wilkins,"Presenter, broadcasting","49605 David View Suite 015
Ramosshire, IL 23718",Fletchertown,91293,Kazakhstan,2348043510033
165,Walsh PLC,Margaret Harris,Advice worker,"87293 Page Estates Apt. 256
Joanberg, PR 66602",North Melanie,55493,Cuba,2348132363879
166,Foster-Lawrence,Joshua Fletcher,Clinical biochemist,"03334 Torres Canyon Suite 729
North Jonathan, ID 94158",West Connorfurt,60430,Mozambique,2348743551877
167,Sanford-Martin,Michele Robertson,Fish farm manager,"2562 Renee Plains Suite 256
South Victorburgh, WA 87618",Ashleyhaven,08993,Tajikistan,2348702785728
168,"Dickerson, Lawson and Mcmillan",Cindy Nguyen MD,"Secretary, company","73003 Mary Crest
Jacobsbury, NM 90896",Brownchester,17555,Bhutan,2348098712259
169,Gonzalez-Baxter,Angela Rowe,General practice doctor,"812 Megan Ramp Apt. 406
South Stephanieland, TN 60357",Christopherside,90238,Nigeria,2348976740533
170,Kelly-Barnett,Pamela Torres,Hotel manager,"01372 Debra Ports
Lopezfurt, WY 74883",New Jay,76632,French Southern Territories,2348180445311
171,"Butler, Owens and Barr",Kimberly Long,Electronics engineer,"7912 Brian Expressway
East Leehaven, IA 38560",South Elizabeth,18033,Martinique,2348922074751
172,Ruiz Group,Anna Washington,"Pilot, airline","31475 Rachel Square
Adamschester, AR 20335",Wesleyville,44950,Saint Helena,2348745792355
173,"Reid, Phillips and Bonilla",Norman Tucker,Meteorologist,"44382 Contreras Squares Suite 514
Lake George, AR 46309",Lambbury,81382,Norway,2348015738494
174,Johnson-Moore,Hunter Howe,Minerals surveyor,"069 Andrew Rapid Apt. 069
North David, TX 96817",Emilymouth,49905,Pakistan,2348077389199
175,Duran-Smith,Barbara Moore,"Conservator, museum/gallery","36650 Michael Vista
East Kevinburgh, AL 13327",Reedside,08655,El Salvador,2348120584398
176,"Mercer, Garcia and Campbell",Jeffrey Dean,Furniture conservator/restorer,"501 Ryan Center Suite 923
North Davidchester, RI 82407",Lake James,19618,Germany,2348906417565
177,Sanders-Cox,Danielle Hubbard,Call centre manager,"90569 Smith Way Suite 932
Andreafurt, MI 63876",Port Sierra,90502,Eritrea,2348771218032
178,Herring-Hill,Erica Glenn,Senior tax professional/tax inspector,"93159 Brad Park Apt. 746
Robertfort, SD 40983",North Sabrinamouth,47115,Montserrat,2348935404763
179,Thomas-David,Audrey Alexander,Textile designer,"PSC 2606, Box 4587
APO AP 37643",Port Sarashire,68493,Svalbard & Jan Mayen Islands,2348147709183
180,Cohen-White,Ashley Haynes,"Designer, jewellery","99267 Christine Vista Apt. 901
East Julie, PW 49433",South Ann,40710,Fiji,2348014810102
181,Rose-Woods,Ronald Hull,Occupational psychologist,"378 John Parkways
Hansonhaven, IN 02550",Lisaside,04060,Namibia,2348720964951
182,Moore Ltd,Christian Ford,Haematologist,"376 Angela Shoals
North Jenniferhaven, IA 77352",Martinezburgh,19018,Saint Lucia,2348903314179
183,"Williams, Jones and Mitchell",Shelly Thomas,Amenity horticulturist,"78543 Yang Drive Suite 765
Port Richard, KY 56588",Lake Tim,67335,Mauritania,2348961151309
184,Peterson Group,Jessica Lane,Toxicologist,"1047 Carla Shore Apt. 299
Shieldsburgh, FM 16385",Simsstad,94297,Bulgaria,2348153970916
185,Waters Inc,Taylor Foley,Dramatherapist,"03099 Ronald Well
East Thomas, GA 94239",West Rickychester,20929,Turkey,2348708800741
186,Pierce Group,Jeff Miller,"Scientist, audiological","7023 Brittany Station
Ianborough, PR 37275",Port Greggside,23440,Seychelles,2348947332129
187,Wilcox-Patrick,Thomas Morrison,Furniture conservator/restorer,"80948 Cardenas Drive Apt. 944
East Mary, VA 01865",New Andrewfurt,30233,Georgia,2348011858045
188,"Cooke, Johnson and Stone",Ryan Moore,IT technical support officer,"870 Davis Oval
North Zachary, MT 71662",Gregorystad,16123,Macao,2348912257726
189,Barrett-Smith,Matthew Gonzalez,Catering manager,"012 Lori Freeway Apt. 655
South Maryshire, WI 79675",Alexandraborough,41161,Iran,2348183526258
190,"Harrington, Daugherty and Lopez",Joshua Turner,"Editor, magazine features","081 Carpenter Ridges Suite 876
North Brooketon, OH 86158",Port John,43350,Qatar,2348988363695
191,Hale and Sons,Daisy Guzman,"Administrator, sports","31875 Hernandez Dale Apt. 483
Lake Randy, AS 76080",West Christopher,52429,Guernsey,2348990234283
192,"Davis, Jones and Williams",Caleb Lee,Data scientist,"941 Lee Isle
Jacksonport, FL 10303",Allentown,35908,Tunisia,2348972287181
193,Hardy PLC,Logan Stafford,"Conservation officer, historic buildings","7273 Thompson Ridges Apt. 495
Lake Tammy, MP 01234",South Michaelstad,52671,Poland,2348932937391
194,Brown-Jenkins,Timothy Reynolds,Local government officer,"568 Nelson Prairie Apt. 182
Elizabethtown, MS 12266",Annafort,40739,Iceland,2348961556458
195,Williams and Sons,Jeffrey Shelton,"Engineer, mining","5740 Thompson Ports
Brittanyland, IN 98194",South Rebeccaview,26147,Cuba,2348733360487
196,Parker-Martin,Sean Cooke,"Surveyor, mining","Unit 4554 Box 3025
DPO AP 12916",Jacksonstad,02948,Romania,2348172069152
197,Hanson-Carr,Tiffany Hudson,"Journalist, magazine","688 Travis Dam
Christopherstad, NC 29832",New Karenchester,57166,Gambia,2348975145324
198,Hopkins LLC,Edward Silva,Energy engineer,"551 Lewis Spring
West Dustin, MN 25080",West Anthony,44517,Oman,2348192124048
199,"Walker, Kelly and Nichols",Ashley Bell,Management consultant,"013 Owens Rue Suite 710
North Michelle, NV 51193",Morrisberg,41829,Burkina Faso,2348900729309
200,Gibson-Cole,Eric Wilson,Psychotherapist,"35870 Daniel Ville
Juanbury, MO 36713",Clarkport,63664,Sweden,2348937158193
201,Parks and Sons,James Thompson,"Psychologist, clinical","65124 Heather Manor
Mckinneyfurt, ID 61576",Port Christinastad,65757,United States Minor Outlying Islands,2348139507198
202,"Nelson, Kaiser and Davis",Mark Cannon,Human resources officer,"503 Baker Turnpike
West Benjamintown, MP 12582",Lake Ericchester,05910,Switzerland,2348184705465
203,Carney-Anderson,Gregory Ruiz,Immigration officer,"961 Lowe Mount Apt. 300
North Scott, NY 80639",North Helen,20157,Swaziland,2348980441520
204,"Berry, Graham and Larson",Jessica Wilson,Museum/gallery conservator,"USS Steele
FPO AP 44821",North Kristichester,69681,United States Minor Outlying Islands,2348974959487
205,"Martin, Robinson and Rodriguez",Alexa Callahan,"Nurse, adult","31346 Christina Junctions
Michelleland, MP 93431",Melissastad,26680,Burkina Faso,2348128996652
206,Park LLC,Michelle Bell,Sales promotion account executive,"USS Roman
FPO AE 81025",East Rickyland,63863,United States of America,2348960009952
207,Wallace-Pearson,Sandra Freeman,Company secretary,"2932 Park Canyon
Davidbury, MH 32107",Whiteheadberg,67068,Antarctica (the territory South of 60 deg S),2348180034338
208,Benson Inc,Christine Wang,Mental health nurse,"7265 Mitchell Ridge
Andrewbury, FM 78337",West Ronaldville,37710,Burkina Faso,2348922399041
209,Hanson Group,Mrs. Tonya Nelson MD,Brewing technologist,"23203 Perkins Pike
Jacobland, CT 01771",North Melissa,88767,Bolivia,2348916738812
210,"Villarreal, Morris and Ritter",Sharon Holden,Armed forces operational officer,"748 Bell Island
New Mary, RI 55553",Port Brian,15138,Martinique,2348775740032
211,Ortiz Inc,Kenneth Wilkerson,Air cabin crew,"258 Parker Hollow
Michaelberg, MD 44131",Port Matthewton,63757,United Kingdom,2348098547228
212,Carr Inc,Kimberly Peterson,"Engineer, electrical","798 Medina Park Suite 543
New Karenview, CO 35985",North Patrickborough,47302,Saint Pierre and Miquelon,2348162471318
213,Obrien PLC,Diana Tate,International aid/development worker,"771 Craig Keys Suite 776
Cynthialand, MP 58531",South Joeton,10450,Mozambique,2348051493356
214,Gilmore Ltd,Joseph Hoffman,"Education officer, museum","389 Jimmy Rapid
West Williamville, VT 09650",East Johnview,62082,Puerto Rico,2348964205456
215,Turner-Nelson,Angela Crane,Plant breeder/geneticist,"1230 Bernard Lights
Jessicatown, PA 70755",Mariamouth,38350,Eritrea,2348739141396
216,West Ltd,Breanna Brown,Geophysicist/field seismologist,"680 Steven Club Apt. 996
Amandaside, PW 76929",North Dawn,48654,French Guiana,2348097992956
217,Walsh Group,Laura Wilson,Health visitor,"3833 Graves Ranch
Kingbury, OR 70910",Rhondaton,25306,Antigua and Barbuda,2348198360874
218,"Bowers, White and Stephens",Kristi Mendoza,"Scientist, biomedical","8258 Williams Row
Galvanfurt, NV 94289",Lake Jasmine,05267,Malta,2348031759254
219,Pham Group,Victoria Perry,"Psychologist, forensic","63210 Barnes Trail Apt. 751
East Rickyville, SC 16186",Allenton,40108,Trinidad and Tobago,2348917327506
220,Webster-Crawford,Luis Gallagher,Medical sales representative,"944 Beth Bypass Apt. 953
Nielsenview, VI 76806",Marcton,53432,Zimbabwe,2348164110080
221,"Jackson, Myers and Brown",Kathryn Burnett,Lawyer,"0206 Bean Skyway Apt. 060
West Laurie, PA 64532",Charlesville,08258,Madagascar,2348974907353
222,Lee-Cisneros,James Gutierrez,"Clinical scientist, histocompatibility and immunogenetics","02798 Gomez Road
Rhondachester, AR 49117",West Nathanmouth,89430,Cayman Islands,2348076618348
223,Jackson-Stevens,Tiffany Hale,"Doctor, general practice","7235 Taylor Crescent
Lake Michelle, HI 31285",New Nicolebury,77438,Croatia,2348904892665
224,"Vargas, Kennedy and Smith",Matthew Stuart,"Psychologist, sport and exercise","0279 Jose Curve Apt. 255
Angelicamouth, WA 66146",New Victorside,81209,Haiti,2348087085773
225,"Johnson, Olsen and Wells",Cindy Taylor,Probation officer,"1216 Penny Extension Suite 215
Port Allen, VA 87131",New Patriciamouth,59405,Burkina Faso,2348027505639
226,"Case, Pena and Jackson",Lee Anderson,Holiday representative,"6687 Mitchell Plaza
Boyletown, RI 06235",Nancyfort,04469,Netherlands,2348191405333
227,Ray-Morrison,Christopher Case,Systems developer,"371 Jones Burgs Suite 557
Lake Sean, HI 04528",Bushton,93260,Sweden,2348195128146
228,Herrera-Williams,Joshua Weber,Product/process development scientist,"53590 Chris Island Apt. 565
New Annamouth, AL 98967",Michaelview,80309,Lithuania,2348713858882
229,Wallace Inc,Richard Munoz,"Exhibitions officer, museum/gallery","990 Jones Pass
Melissachester, LA 00684",Lake Derrickmouth,63385,Turkey,2348925903527
230,"Brown, Robinson and Ford",Rita Hoover,Garment/textile technologist,"278 Cooper Skyway
South Amanda, PR 72704",West Blake,36314,Jersey,2348902013686
231,Jones and Sons,Tristan Smith,"Horticulturist, commercial","514 Lopez Corner Suite 547
Joannchester, KS 25218",Jonesville,95380,Lesotho,2348176068350
232,Porter-Taylor,Julian Reid,Freight forwarder,"3827 Doris Cape
Jacobborough, PA 51322",West Tracyhaven,56958,Guinea-Bissau,2348046861500
233,Newman and Sons,Benjamin Nichols,Archaeologist,"878 Danielle Pines
North Sarahborough, IA 78951",North Kendra,43895,Costa Rica,2348136595515
234,Nguyen Group,Sheri Montes,Architect,"032 Jeffrey Corner Apt. 940
North Aliciamouth, NH 17653",Markport,70993,Finland,2348042139243
235,Lewis-Hensley,Andrew Stevenson,Medical technical officer,"4284 Noah Freeway
South Kyle, PA 71245",Lake Joyce,70721,Kiribati,2348140570695
236,Campbell-Johnson,Ashley Morgan,"Accountant, chartered public finance","269 Susan Crossroad
East Lisa, FM 70945",North Charlesfort,57652,Cocos (Keeling) Islands,2348143469724
237,Davis-Roberts,Eric Franco,Product manager,"832 Owens Shore
South Eric, CO 06546",Welchburgh,85334,United States Virgin Islands,2348082839359
238,Ballard-Ayers,Alexis Nelson,Chartered loss adjuster,"06564 Foster Stravenue
South Richard, OR 23465",Bennettfurt,63890,Dominican Republic,2348988270244
239,Clark and Sons,Rebecca Ford,Audiological scientist,"PSC 5914, Box 2219
APO AA 59460",Port Curtisburgh,86519,Kazakhstan,2348077652308
240,Villegas Ltd,Christopher Austin,Commercial art gallery manager,"1053 Scott Pine Apt. 227
West Adam, WV 20080",West Jennahaven,75944,Equatorial Guinea,2348974986735
241,Taylor Inc,Marcia Smith,Games developer,"601 Brooke Crossing
Wardfort, ND 46837",Christopherfort,40696,Marshall Islands,2348996599563
242,Baker PLC,Amanda Durham,Writer,"2522 Huff Loaf Apt. 445
North Brianview, NY 15523",Dennisstad,03403,Pakistan,2348005931535
243,May PLC,Danielle Preston,Charity fundraiser,"45109 Jack Keys
Reyesburgh, MP 76410",South Mike,60668,Sierra Leone,2348066788392
244,Anthony Group,Austin Andrews,"Accountant, chartered certified","84829 Samantha Throughway Apt. 043
Hernandezfurt, AL 72079",Bakerville,68202,Holy See (Vatican City State),2348101804632
245,Roth-Wilson,Donald Zimmerman,"Engineer, drilling","USNV Sellers
FPO AA 84859",Westfurt,46131,El Salvador,2348783976854
246,Ponce-Robles,Kristen Abbott,"Designer, exhibition/display","6421 Russo Terrace Suite 486
New Richard, AR 95291",East Richardmouth,38892,Saint Pierre and Miquelon,2348743654664
247,Holmes-Sullivan,Sergio Burke,Food technologist,"2229 Graham Knoll
Powellmouth, PR 80742",Erictown,67185,Thailand,2348999044444
248,Smith-Johnson,Edward Lee,Systems analyst,"61468 Jarvis Light Suite 387
West Markshire, IL 26705",West Joseph,68245,Haiti,2348131673986
249,Hawkins-Cooper,James Garcia,Health promotion specialist,"3128 Underwood Mount
Port Nancy, AL 12038",East Amanda,36185,Uruguay,2348029983715
250,Ramirez-Coleman,Robert Perez MD,Trading standards officer,"9521 Jessica Meadow Apt. 202
Atkinsonborough, FM 82666",New Alex,57089,Uruguay,2348704493853
251,Palmer-Cruz,Dr. Shannon Mcgee,Building services engineer,"886 Pearson Dam
North Courtney, IN 95998",Collinsport,58752,Bulgaria,2348162521706
252,"Martinez, Baker and Turner",Tammy Robinson,"Editor, film/video","21885 Rachel Crest Apt. 490
West Dianastad, AR 03160",North Tylerfort,52082,Canada,2348928977344
253,Becker-Hall,Laura Wolfe,Economist,"815 Berger Ridge Suite 251
West Billport, PW 64856",Andrewsside,14201,Trinidad and Tobago,2348145282046
254,Barker Ltd,Brittany Cooper,Museum education officer,"682 Lewis Union Apt. 099
Richardmouth, MH 90783",East Barbarachester,51901,Zambia,2348184915971
255,Wilson-Norris,Scott Martin,"Therapist, drama","008 John Meadow
South Ryan, VI 12922",Port Deborah,94799,British Virgin Islands,2348001906680
256,Norman PLC,Mr. James Thompson,"Pharmacist, community","389 Grant Highway
Joshuaberg, MT 51953",West Vicki,35683,Turkmenistan,2348708508153
257,Strickland Ltd,Mark Maxwell,Financial manager,"USNV Baxter
FPO AA 44892",Jimland,89623,El Salvador,2348754500895
258,Cardenas Ltd,Monica Webster,Hospital doctor,"0530 Michael Knolls Suite 452
Chelseaberg, AS 22611",Lake Tammystad,09872,Iraq,2348182741255
259,Scott-Ruiz,Belinda Chambers,Lobbyist,"3064 Smith Grove
Hardingfurt, MA 20963",Ferrellside,65320,Uruguay,2348990260786
260,"Cole, Robinson and Bryant",Evan Morris,Estate manager/land agent,"3263 Michael Path Apt. 603
Rosstown, MH 35355",North Leslie,55382,Armenia,2348942623948
261,"Wright, Romero and Daniels",Jessica Phillips,Cabin crew,"74400 Smith Village
Saratown, MO 55786",Port Davidborough,37058,Lesotho,2348919227179
262,"Miller, Bell and Lawson",Ms. Kimberly Martinez,Speech and language therapist,"3655 Michael Club Suite 284
Port Ronaldberg, UT 51997",Lake Christopher,61744,Dominica,2348968750793
263,Mendez-Green,Dean Meadows,"Accountant, chartered management","394 Anne Keys
Davidchester, UT 00829",Keyburgh,98050,British Indian Ocean Territory (Chagos Archipelago),2348159084697
264,Smith-Ortiz,Ashley Hughes,Tree surgeon,"47776 Tammy Island Suite 670
Marktown, VT 13355",Natashaberg,11110,Indonesia,2348742646733
265,Singh Inc,Linda Smith,Research scientist (life sciences),"PSC 4137, Box 0964
APO AA 32054",Sharpside,70744,Congo,2348172911443
266,Blanchard-Kidd,Elizabeth Lyons,Immunologist,"2736 Bennett Track Apt. 176
Paigeland, VA 90993",Johnsonchester,61098,Gibraltar,2348098809119
267,Crawford and Sons,Matthew Valdez,Furniture conservator/restorer,"17627 Christopher Common Apt. 865
North Javierville, CT 57080",Sandraview,21650,Latvia,2348126853361
268,Roman and Sons,Emily Powell,"Education officer, community","810 Williams Track
West Connieshire, MN 32225",West Timothy,80079,Cameroon,2348924444362
269,Lloyd LLC,Taylor Miller,Maintenance engineer,"8841 Shelton Terrace
Robertbury, GU 66576",Patrickland,93120,Montserrat,2348901968274
270,Petersen-Bruce,Michael Steele,Comptroller,"0788 Christina Expressway
South Victoria, PW 24812",Frankbury,52287,Bouvet Island (Bouvetoya),2348054747116
271,"Dyer, Harris and West",Scott Reyes,"Engineer, building services","062 Daniel Groves Apt. 104
Phillipstad, MD 02350",Leeville,89683,New Zealand,2348021029391
272,"Cohen, Bishop and Young",Monica Grant,"Surveyor, quantity","4559 Robert Summit Suite 508
New Georgeport, KY 99177",Lake Christy,40300,Congo,2348093029261
273,Key LLC,Jane Morgan,"Therapist, occupational","8633 Jones Walks
North Audrey, IA 68579",Port Annaberg,93893,Equatorial Guinea,2348108501810
274,Porter PLC,Robert Willis,Pharmacologist,"5775 Sarah Hollow Suite 754
Teresaside, SC 13421",South Christine,56195,Russian Federation,2348783935983
275,Butler and Sons,Daniel Black,"Engineer, communications","007 Perkins Manor Suite 597
East Geraldberg, MS 73181",West Manuelville,13268,Montenegro,2348914089661
276,"Holt, Evans and Ward",Sabrina Ramos,Nutritional therapist,"62644 Mosley Cape Suite 306
Lake Michelle, MS 30150",East Whitneyview,64172,Cook Islands,2348019285094
277,Rodriguez Inc,Shelley Blanchard,"Exhibitions officer, museum/gallery","39042 Courtney Cliffs Suite 603
East Amber, MN 53218",Jonesland,89370,Romania,2348008654061
278,Torres-King,Kayla Jordan,Hotel manager,"USNV Zimmerman
FPO AP 19115",West Nicolestad,40407,Senegal,2348169704074
279,Garcia Ltd,Lisa Luna,Telecommunications researcher,"668 Andrew Via Apt. 727
West Daniel, ID 40192",Lake Jason,45474,Saint Vincent and the Grenadines,2348967802798
280,Collins and Sons,Jamie Meadows,Graphic designer,"64357 Montoya Mill
New Tracy, AK 80782",Whiteberg,76308,Pakistan,2348930830760
281,"Paul, Gray and Fuller",Stacey Delgado,"Designer, interior/spatial","Unit 5174 Box 5082
DPO AE 43098",North Brookeland,42908,Angola,2348106535603
282,Bell-Thomas,Robert Gomez,"Designer, exhibition/display","727 Fox Fort Apt. 060
Port Victor, FM 29700",Scotttown,21205,Guatemala,2348155577830
283,Tran PLC,Vanessa Woods,Operational researcher,"43415 Watson Turnpike
New Matthew, CO 77552",Nicoleview,20032,Djibouti,2348143013609
284,Vargas-Rodriguez,Lisa Mills,Advertising account planner,"683 Martinez Springs
Clarkside, NV 75655",North Dwayneside,50198,Tajikistan,2348043985746
285,Hill-Bowen,Ricardo Robinson,Chief of Staff,"Unit 8962 Box 2062
DPO AE 34439",West Matthewbury,11249,Albania,2348032574420
286,Morales PLC,Sheri Myers,Corporate treasurer,"951 Danielle Square Apt. 538
Dawnshire, UT 72572",Stephanieburgh,03526,Heard Island and McDonald Islands,2348173219863
287,Dean LLC,Joel Davidson,"Doctor, general practice","6737 Brent Drive
Lake Danieltown, IN 21931",Donnaland,17972,Costa Rica,2348904497608
288,Rodriguez Group,Connie King,"Doctor, hospital","USS Vincent
FPO AA 90791",Port Kimberlyburgh,58228,Ireland,2348700809315
289,Haley-Price,Tanner Kelly,"Research officer, government","7891 Vincent Squares Apt. 091
Timothychester, MD 51890",Maryland,06196,Syrian Arab Republic,2348050423455
290,Miller Inc,Michael Wood,Audiological scientist,"2782 Deborah Dam
East Jasonhaven, AZ 74521",North Thomasview,86820,British Virgin Islands,2348192075016
291,"Lopez, Hutchinson and Gordon",Karen Flores,"Pharmacist, community","Unit 6690 Box 5558
DPO AA 23503",Kevintown,81059,Liechtenstein,2348145250200
292,Russell and Sons,Jeremy Gibson,Contracting civil engineer,"86657 Bautista Groves
New Alyssaland, ID 52189",Lake Melissa,87425,Reunion,2348933255666
293,Gutierrez Inc,Micheal Hernandez,Fine artist,"USS Hale
FPO AP 88989",Dianaton,19243,Wallis and Futuna,2348961681565
294,"Nelson, Wilson and Romero",Michelle Durham,Forensic scientist,"97779 Michael Locks
Hannahtown, AZ 88206",South Nicole,18586,Saint Martin,2348764930828
295,Gonzalez-Curtis,Taylor Henderson,Local government officer,"9117 Michael Circles Suite 937
Carrland, MI 24812",North Isabellahaven,95430,Mongolia,2348015042071
296,Russo Ltd,Scott Johnson,Pathologist,"17028 Jennifer Lakes Suite 859
Port Mikaylamouth, NH 90665",Lukeberg,73597,Azerbaijan,2348031141365
297,"Robinson, Bruce and Werner",Christopher Lowe,Energy engineer,"24312 Holmes River
Amyview, MN 58914",Leslieville,70754,Paraguay,2348715441600
298,Cox-Mendez,Donna Hood,"Civil engineer, contracting","014 Mcdowell Circle
Stricklandborough, IN 64996",North Melissashire,89998,Suriname,2348133536172
299,Gilmore-Coleman,Brandon Ortiz,Child psychotherapist,"81202 Galloway Rue
New Joseph, VI 95568",Michaelview,10138,Myanmar,2348022174657
300,Day Group,Alexander Doyle,"Engineer, technical sales","771 Roy Green
Houstonfurt, AS 54095",New Eddie,76986,Turks and Caicos Islands,2348949335573
301,"Martin, Christian and Clark",William Clark,"Surveyor, mining","2711 Charles Fork Suite 149
East Christopherside, OH 05789",West Annaberg,32624,Monaco,2348048969277
302,Richards-Odonnell,Richard Melendez,Quarry manager,"79846 Anthony Fork Suite 230
West Wayneland, MD 81895",North Hunterstad,88913,Holy See (Vatican City State),2348153287383
303,Brown and Sons,Anthony Yoder,Newspaper journalist,"0604 Vincent Extensions Apt. 624
West Danielle, MN 91649",North Gabrielle,03387,Saudi Arabia,2348787555929
304,"Joseph, Hughes and Wilkerson",Harold Vazquez,Tree surgeon,"33444 Reed Neck Suite 565
North Christinatown, NY 52190",East Matthew,57495,Mauritania,2348041709976
305,Garcia-Li,Samantha Jackson,Politician's assistant,"23495 Figueroa Trail
Port Ryan, NJ 74019",Floresside,75587,Azerbaijan,2348169720968
306,Gallagher Ltd,Lauren Pope,"Surveyor, quantity","99676 Sara Parkways Apt. 443
West Randall, TX 75022",East Adam,83804,Albania,2348744443002
307,"Sullivan, Brown and Johnston",Breanna Stafford,"Conservation officer, historic buildings","579 Alicia Vista
Kirstenchester, ME 33668",Courtneyside,15381,Mexico,2348922316824
308,Harris-Vargas,Jessica Wilson,Geophysicist/field seismologist,"93357 Rhodes Rapid
East Susan, WV 65884",New Angelbury,61764,Vanuatu,2348756604543
309,"Morse, Mcdonald and Hunter",Shane Ruiz,Public affairs consultant,"29646 Smith Coves Suite 331
New Ashleychester, WV 45872",Aarontown,01655,Djibouti,2348194094918
310,Koch LLC,James Cooper,"Psychologist, occupational","481 Rivers Plains
East Gabrielaport, UT 28013",Chapmanbury,69279,Liechtenstein,2348118908749
311,Owens Ltd,Lisa Wolfe,Intelligence analyst,"28355 Robertson Courts Apt. 827
West Susan, FL 07466",Port Ronnie,71519,Christmas Island,2348105206557
312,"Olsen, Santiago and Doyle",Dawn Smith,Forest/woodland manager,"50210 Brown Locks Suite 865
Lake Bonniestad, KS 45828",Drakefurt,22625,Korea,2348072672382
313,"Ramirez, Mcbride and Griffin",Elijah Mills,Herbalist,"695 Lee Valleys
West Susanborough, HI 88175",Kirkport,96902,Lesotho,2348089877807
314,"Jordan, Ashley and Schroeder",Gregory Sullivan,"Journalist, newspaper","08003 Olivia Ramp Apt. 782
East Rhondabury, MH 87050",East Kathy,71697,Andorra,2348080530791
315,Duncan Inc,Johnny Zimmerman,Manufacturing systems engineer,"2164 Vaughn Overpass Apt. 532
Murphyport, TN 88600",West Davidfurt,87506,Belize,2348166431601
316,Hart-Cole,Chelsea Walker,Outdoor activities/education manager,"199 Lopez Summit Apt. 129
West Kimberly, UT 76428",New Nicholasville,84512,Bhutan,2348967944964
317,Gonzalez Inc,Samuel Mosley,Building services engineer,"PSC 0591, Box 0156
APO AP 11121",North Bobby,08225,Bhutan,2348033403185
318,Stafford-Serrano,Jennifer Wilson,"Engineer, communications","3204 Stanley Union
Newmanborough, AZ 00751",West Kristi,33872,Azerbaijan,2348144204048
319,"Kramer, Gutierrez and Deleon",Colin Perkins,"Scientist, research (medical)","61847 Alicia Brook Apt. 069
Tannerhaven, MT 30427",Claireborough,18348,British Indian Ocean Territory (Chagos Archipelago),2348799475542
320,"Roman, Taylor and Allen",Judith Horne,Veterinary surgeon,"09537 Watts Bridge Suite 704
South Kenneth, MS 72222",Colonhaven,14723,Panama,2348964657557
321,Kramer-Stone,Heather Nguyen,Colour technologist,"22743 Reed Flats
East Teresa, PW 00607",Joton,75531,Croatia,2348944025782
322,Curry Ltd,Michael Burton,Energy manager,"840 Hill Roads Apt. 751
West James, OK 58659",Gonzalezport,38787,Madagascar,2348188038131
323,Richmond-Gutierrez,Anita Winters,"Copywriter, advertising","61890 Victor Trail
East Marthaville, MN 26608",Tonyshire,17858,Marshall Islands,2348004043200
324,"Briggs, Robinson and Bailey",Jordan Gomez,Sport and exercise psychologist,"344 Matthew Circle
Leeshire, TX 31919",East Dillon,07776,Netherlands,2348923066576
325,"Jackson, Rodriguez and Davis",Thomas Jackson,"Geneticist, molecular","82611 White Rest
North Monica, KS 71359",West Chadton,66538,Samoa,2348102815421
326,Stokes PLC,Jennifer White,Sports administrator,"PSC 5922, Box 9479
APO AE 97286",Port Taylor,63909,Lebanon,2348702611496
327,Newman and Sons,Caroline Hall,Graphic designer,"2693 Michele Crescent
Donnamouth, NV 64542",Moniqueshire,57262,Guinea-Bissau,2348028900540
328,Harris Ltd,Michael Baker,"Merchandiser, retail","676 Melissa Mountain Suite 886
Floydside, IA 69042",Thomasfort,70489,Lesotho,2348131185395
329,Strickland and Sons,Mark Nelson,Chartered legal executive (England and Wales),"068 York Neck
Mooremouth, FM 49984",Lake Sara,92596,French Southern Territories,2348723978780
330,Miller-Frazier,Kara Jones,Biomedical engineer,"6992 Madison Prairie Apt. 129
Stephanieside, CT 12162",Whiteside,32378,Chad,2348969936759
331,Miller Group,Michael Brown,"Psychologist, occupational","7181 Theresa Island Apt. 001
Lawrencefort, IL 60603",Maynardport,75304,Singapore,2348111349292
332,"Smith, Holt and Collins",Daniel Hunt,Proofreader,"91650 Kathryn Circle
East Karenshire, SD 29618",Gutierrezshire,40594,Mauritius,2348947108768
333,"Bailey, Williamson and Cole",Stephen Martinez Jr.,"Investment banker, corporate","88804 Morales Ramp
South Joseph, DC 51737",Kimberlyport,66160,Israel,2348192626478
334,Daniels-Curry,Antonio Adams,Bookseller,"424 Bush Cape
Warrenville, IN 63675",East David,75561,Chile,2348796102409
335,Garner LLC,Joshua Williams,Animal technologist,"0302 Robert Springs Apt. 078
Breannaside, KS 21499",Dicksonmouth,50330,Suriname,2348014912478
336,Stewart-Harris,Andrew Hanson,Petroleum engineer,"257 Lee Terrace
Orrport, AK 67186",Danielsberg,10164,Bangladesh,2348711215166
337,"Jordan, Pruitt and Cortez",Jennifer Jackson,Medical physicist,"279 Beltran Club
Howehaven, FM 87548",Lake Tiffanyberg,92737,Angola,2348911063877
338,"Shepherd, Mendoza and Thomas",Jeremy Villanueva,Rural practice surveyor,"83187 Jason Union Suite 481
East Angela, MD 35021",North Reneeton,72207,Uruguay,2348153128608
339,Floyd-Murillo,Ashley Hoover,Engineering geologist,"5432 Tammy Curve Suite 449
South Charles, UT 47720",Hamiltonville,56077,Lao People's Democratic Republic,2348165741055
340,Moore-Bishop,Anthony Strong,Interior and spatial designer,"22161 Jorge Ridge Suite 828
Lake Elizabeth, MT 98347",Lake Christina,10865,Japan,2348780711917
341,"Middleton, Taylor and Kline",Max Cobb,Broadcast engineer,"72043 Heath Island
Williamsview, ND 58307",Hallside,60233,Austria,2348902167484
342,Stewart PLC,Nicholas Sexton,Medical physicist,"7364 Brandon Meadows
Jimenezchester, FM 24591",West Donnabury,64072,Montenegro,2348783236790
343,Fowler Inc,Phillip Buckley,Chartered legal executive (England and Wales),"USNV Richard
FPO AP 33519",Port Lisaton,49519,Bahamas,2348725875852
344,Martin LLC,Jeffrey Dodson,Community pharmacist,"06364 Haney Island
Lake Douglas, NV 77969",West Christopherport,51394,Somalia,2348791048726
345,Torres-Nielsen,Robert Herrera,"Geologist, wellsite","71563 Peters Lodge
South Robert, MO 62368",Jeremiahland,38075,Japan,2348038053788
346,Wilson Ltd,Donna Miller,"Teacher, adult education","5262 Megan Hills Apt. 242
Kristinamouth, VI 16109",Dakotaport,73757,United States Minor Outlying Islands,2348151246527
347,Burns and Sons,Gary Nelson,IT trainer,"31809 Spears Forges Suite 016
Caseyburgh, MI 76314",Zamoramouth,05165,Kenya,2348134377439
348,Acosta LLC,Nicole Smith,Electrical engineer,"303 Kyle Glen
Smithville, ME 48966",Alexanderhaven,09081,Equatorial Guinea,2348077279057
349,Stuart PLC,Kimberly Freeman,Civil Service administrator,"3200 Kelly Burg
Colemanport, RI 36325",Ashleyville,69288,Liberia,2348145420067
350,Williams Group,Terri Griffin,"Pharmacist, hospital","PSC 6679, Box 2142
APO AP 38387",Jeanettehaven,86169,Faroe Islands,2348134736446
351,Coleman-Anderson,John Powers,Acupuncturist,"69871 Jason Union Apt. 436
Martinezfurt, OR 29314",Gilbertshire,11378,Austria,2348152711443
352,Miranda-Maddox,Lisa Leonard,Careers adviser,"696 Benjamin Way Suite 923
Danielshire, VA 31662",Michelleton,92136,Thailand,2348796054474
353,"Howell, Ward and Burton",Michael Spencer,"Embryologist, clinical","7459 Gordon Camp Apt. 130
Janetport, NM 04178",Kennethshire,25206,Maldives,2348114242657
354,Garrett-Smith,Roger Mason,Writer,"7533 Sue Drive
Hughesville, UT 58840",East Richard,32816,Czech Republic,2348117211207
355,Larson-Montgomery,Kristen Flores,"Teacher, music","0635 William Viaduct
Laurentown, TN 77777",Port Patrick,52204,Namibia,2348777554248
356,"Leonard, Williams and Nunez",Joseph Duffy,Learning disability nurse,"PSC 6178, Box 9469
APO AP 06202",East Richard,60295,Burkina Faso,2348716429438
357,White PLC,Jessica Wheeler,Dancer,"6125 Ashley Mountain
Port Sydney, MI 98403",Kimberlystad,50846,United States of America,2348060778586
358,Johnson and Sons,Michael Mckinney,Homeopath,"1242 Hendrix Highway Suite 579
Jenniferton, SD 17440",New Elizabeth,47716,Cook Islands,2348076736353
359,"Stevens, Knox and Zamora",Stephanie Smith,Management consultant,"Unit 8926 Box 1215
DPO AA 47626",Bettyhaven,90535,Kenya,2348947399718
360,Ferguson Inc,Robert Wilson,"Lecturer, higher education","8585 Shawn Ranch
Burtonshire, CA 03413",Christopherville,33866,Ecuador,2348938986058
361,"Alvarez, Taylor and Wood",Miguel Castillo,Sport and exercise psychologist,"Unit 0459 Box 4997
DPO AA 76611",Bradfordfurt,14382,Brazil,2348026374975
362,Brewer-Jones,Todd Snyder,Higher education lecturer,"393 Joshua Court Suite 184
Hodgeport, DE 40548",South Danielport,65888,Kuwait,2348794359151
363,Hood-Chavez,Todd Kelly,English as a second language teacher,"3211 Kristina Bridge
Martinezton, MP 11153",West Carlside,94452,Burkina Faso,2348098366001
364,Lambert-Howard,James Barnes,Chief Executive Officer,"22384 Jonathan Drives
Lake Barbaramouth, ME 29893",Stevenberg,87183,Morocco,2348777011767
365,Leblanc LLC,Mrs. Patricia Henry,Dancer,"211 Michael Hills
North Kayla, ID 42001",Dariusville,44988,Jamaica,2348084713298
366,Johnson PLC,James Wright,Town planner,"72503 Sanchez Vista Suite 061
Lopeztown, TN 26121",Foxbury,77545,Lebanon,2348743529769
367,Thomas-Hull,Lawrence Ponce MD,Consulting civil engineer,"622 Jennifer Junctions Suite 574
Coxborough, AZ 02223",Angelamouth,31022,Belgium,2348755194286
368,Camacho-Fisher,Jason Henderson,Warehouse manager,"002 Pamela Trafficway Suite 607
Suttonfort, TN 21901",Lake Hannahbury,90742,Malawi,2348061642657
369,"Harrington, Sanders and Lopez",Jeffrey Terry,"Investment banker, corporate","911 Garcia Lake Apt. 085
West Jeremy, PR 31048",Reillytown,02583,Hungary,2348763660116
370,Haas-Bryan,Glenn Romero,Database administrator,"8937 Ballard Underpass Suite 337
Kingmouth, WI 50143",Ruthberg,24499,Nigeria,2348092295421
371,"Bradley, Robinson and Taylor",Mrs. Kathryn Ware,Travel agency manager,"998 Collin Walk Apt. 060
North Sonia, TN 08651",Cliffordbury,70774,Namibia,2348096519231
372,Wright-Moore,Andrew Gardner,"Conservator, museum/gallery","014 Townsend Knoll
New Alfredburgh, MI 92825",Mirandaborough,25705,Costa Rica,2348064287630
373,"Wright, Craig and Green",Veronica Hill,Glass blower/designer,"Unit 6516 Box 4438
DPO AP 23495",New Adrian,78347,Falkland Islands (Malvinas),2348713343432
374,Leonard-Hoover,Courtney Peters,Exercise physiologist,"563 Stewart Fort Suite 721
Lake Christopher, VI 78040",Christopherstad,40892,Egypt,2348147291201
375,"Davis, Adams and Patterson",Anthony Taylor,"Chemist, analytical","0049 Andrew River
Grantside, DC 99863",Emilyborough,02852,Antarctica (the territory South of 60 deg S),2348046665210
376,Perez Group,Sean Chavez,Photographer,"1474 Andrea Inlet Suite 446
New Douglasberg, KS 55233",Lake Sabrina,96377,Antarctica (the territory South of 60 deg S),2348711598201
377,"Ward, Coleman and Hernandez",Sarah Vaughan,Herbalist,"25335 Gregory Knoll
New Tinamouth, NY 39847",Millsberg,92637,Uzbekistan,2348723975547
378,"Moore, Shea and Wright",Jennifer Gould,"Sales professional, IT","52246 Mark Cape
East Brendanland, MI 89681",Lake Hollyfort,46343,American Samoa,2348083228246
379,Williams-Moses,Linda Kramer,"Investment banker, corporate","977 Jennifer Coves Suite 797
Macdonaldview, IA 86477",Jacksonchester,13480,Guinea-Bissau,2348960196537
380,Christensen-Santiago,Jeffrey Fleming,Clinical molecular geneticist,"692 Rebecca Dale
Mcintoshberg, NY 40560",Melissamouth,84980,Northern Mariana Islands,2348705457010
381,Joseph Group,John Wall,Industrial/product designer,"906 Rivas Throughway Suite 708
Knappfurt, IA 65008",Port Tinafort,22307,Guadeloupe,2348904707835
382,Washington Group,Maria Moody,Politician's assistant,"37884 Craig Valleys
Hansonton, IN 84023",Garyhaven,45197,Gambia,2348976204720
383,Baker-Rowe,James Moody,Water quality scientist,"2715 Sullivan Forge Apt. 663
Mcphersonburgh, VI 42600",Port Jenniferchester,45801,Portugal,2348727409187
384,Morgan LLC,Jennifer Schwartz,"Nurse, mental health","88332 Cruz Lock Suite 001
Hullfort, OH 87814",Sarastad,72207,Bulgaria,2348730788998
385,Mcfarland Ltd,Heather Herrera,Fast food restaurant manager,"828 Joyce Trail
Tuckerland, GA 81838",Pamelaport,69313,Qatar,2348097265159
386,"Marks, Martinez and Scott",Katherine Moore,"Editor, commissioning","USNS Nguyen
FPO AA 59980",Richardside,80150,Netherlands Antilles,2348162802885
387,Brewer-Walker,Jennifer Burton,Web designer,"8686 Derek Knolls Apt. 098
New John, AR 16777",East Caseyfurt,62945,Holy See (Vatican City State),2348141649373
388,Campbell Inc,Heather White,Fitness centre manager,"675 Franklin Crescent
South Laura, FL 42036",New Caitlynville,83412,Falkland Islands (Malvinas),2348006402329
389,Hernandez and Sons,Kenneth Ingram,"Horticulturist, amenity","9633 Wade Drives Apt. 284
North Sarah, WY 12630",North Kimberly,78439,Mayotte,2348943939355
390,Garcia-Lee,Sabrina Benson,Electronics engineer,"84164 Daniel Turnpike Apt. 578
Christopherfurt, PA 30004",Kerrychester,39013,Italy,2348067467482
391,Cortez-Tucker,Tiffany Case,Child psychotherapist,"Unit 3435 Box 8229
DPO AA 60999",North Rachelview,27407,Cayman Islands,2348121499150
392,Wilson Ltd,Adam Gray,"Engineer, site","9411 Day Expressway Suite 141
North Nancyville, VT 48706",Lake Alyssa,19046,Israel,2348033569145
393,Snow Inc,Breanna Austin,"Psychotherapist, dance movement","132 Sabrina Forest
Alexandrachester, GU 68017",East Gloria,38684,Guatemala,2348983732490
394,Williams-Tran,Christopher Garrett,Public relations officer,"23426 Osborn Rue
Lowemouth, OK 35081",Murphyport,04639,Korea,2348958992825
395,Owens Group,Sarah Smith,Operational researcher,"398 Olson Flats
Duartemouth, FM 40043",Howardside,74408,Ukraine,2348785613347
396,Allen Group,Christina Howard,Clinical cytogeneticist,"62336 Chelsea Canyon Suite 962
Santanaview, MN 87578",Port Stephen,21303,Cook Islands,2348995406058
397,"Phillips, Marquez and Mullins",Amy Adams,Sports therapist,"476 Patricia Extensions
North Troy, RI 45580",Lake Jessicashire,94851,Malawi,2348049084413
398,"Mcgee, Rodriguez and Mathews",Travis Sherman,"Loss adjuster, chartered","7169 Collins Estates
South Cindy, MN 20359",Amandafort,98934,Guinea-Bissau,2348799152071
399,"Khan, Kent and Wheeler",Haley Lindsey,"Therapist, speech and language","198 Richard Dam
North Sarafort, ND 77121",East Josephville,95500,Palau,2348963193720
400,"Huerta, Snyder and Michael",Jeremy Cuevas,Haematologist,"7989 Kimberly Parkway Suite 993
Stacyton, NC 45290",Saraton,95968,Greenland,2348049178185
401,Rodriguez-King,Adriana Hart,Government social research officer,"0267 Eugene Terrace Apt. 408
Charlesmouth, NH 79156",Kaylaberg,55523,Luxembourg,2348735672808
402,"Nguyen, Sanchez and Medina",Nicole Montgomery,Automotive engineer,"PSC 3388, Box 8876
APO AE 42015",Courtneychester,28691,South Georgia and the South Sandwich Islands,2348193007009
403,"Murphy, Collins and Silva",Lydia Bennett,"Conservation officer, historic buildings","86609 Gaines Unions Suite 552
Matthewburgh, MT 69873",East Jessicashire,85170,Mexico,2348119174283
404,"Berg, Johnson and Bates",Jay Diaz,Photographer,"75612 Robbins Spur
West Michaelland, AL 77386",Port Christina,77929,Taiwan,2348194804695
405,"Lucas, Taylor and Fowler",Kristen Anderson,"Therapist, sports","100 Camacho Mills Suite 095
South Reneeport, VA 17436",Jaimeshire,76012,Monaco,2348088822841
406,Ellis LLC,John Martin,Production manager,"50049 Jared Mall Apt. 095
Johntown, OR 47701",Port Brandi,35218,Moldova,2348060177590
407,Stevens Group,Jennifer Lozano,Hospital pharmacist,"7226 Justin Neck
East Daniel, WI 38112",Laurentown,16265,Mali,2348906239592
408,Marsh-Reynolds,Sarah Nguyen,Landscape architect,"68055 Gonzalez Wells Apt. 083
New Franciscoview, AS 49627",Port Jessica,16856,France,2348072849979
409,"Vargas, Walsh and Robinson",Amanda Wright,Curator,"627 Bruce Common
West Robert, PW 19913",Burnettshire,39447,New Caledonia,2348083518581
410,James Ltd,Lori Williams,Field trials officer,"779 Elizabeth Manors
Lake Nicoleburgh, MA 39892",Susanside,38845,Guam,2348733224904
411,Miller Inc,Tasha Phelps,"Engineer, building services","084 Kristin Valley Apt. 855
Nicoleshire, AK 18105",East Rachelmouth,50073,Grenada,2348994032748
412,Moreno-Johnston,James George,Jewellery designer,"033 Tamara Walk Apt. 964
South Caitlin, ME 85458",Brendamouth,42260,Norway,2348959479177
413,"Fox, Ross and Bernard",Laura Reyes,"Designer, ceramics/pottery","141 Brooke Canyon
North Jennabury, NJ 68558",Allenfurt,71025,Switzerland,2348768996496
414,Rivera Inc,Joshua Carter MD,Visual merchandiser,"3477 Barrett Extension Suite 263
South Alexander, MP 27352",Porterborough,74397,Oman,2348759172535
415,Brooks and Sons,Jenna Hardin,Diagnostic radiographer,"Unit 6847 Box 6856
DPO AA 97730",Lake Holly,32701,Mexico,2348751350490
416,"Bennett, Martin and Stewart",Stacey Mcgrath,Higher education careers adviser,"828 Robert Circle Apt. 175
East Sierraport, DC 25585",Nelsonport,88212,Cambodia,2348766785871
417,Lee-Rhodes,Emily Arnold,"Conservator, furniture","086 Booker Roads
Oscarmouth, MP 12517",Amyton,91211,Romania,2348098135393
418,"Osborne, Baxter and Petersen",Pamela Hawkins,Accounting technician,"204 Brown Green
Kellyfort, OH 63262",North Richardstad,32548,Latvia,2348072775103
419,"Tapia, Jackson and Branch",Robert Olson,Chief Technology Officer,"089 Bruce Bypass
Lawsonstad, GA 20887",North Sheilastad,33954,Luxembourg,2348105443883
420,Mack-Scott,Dr. Daniel Anderson,Soil scientist,"114 Martin Via Suite 969
Beckerchester, VA 47603",Hayesbury,43879,El Salvador,2348727378122
421,Webb PLC,Joshua Wilkinson,Community development worker,"7519 Scott Hollow
East Richard, ME 27835",Colemanshire,77092,Burkina Faso,2348081181237
422,Knight Inc,Christina Stone,Charity officer,"904 Nathan Parkway Suite 947
Jessicaside, NM 59122",Simpsonborough,24427,Faroe Islands,2348700726632
423,Bates-Fleming,Whitney Harris,Solicitor,"PSC 8535, Box 8753
APO AA 57744",Scottshire,21494,Mauritania,2348722929871
424,Tran-Bennett,Christina Lee,Research scientist (maths),"51315 Rivera Mountains
Keithhaven, OK 30465",South Dan,48571,Malawi,2348918941577
425,Harper LLC,Jennifer Meyer,Furniture designer,"615 Aguilar Parkways
Meyerberg, MA 47597",North Sherriberg,62339,Holy See (Vatican City State),2348011678900
426,Arnold-Fisher,Matthew Hendrix,Water quality scientist,"195 Ronald Vista Apt. 908
Beckstad, OR 66729",Olsonmouth,86953,Brunei Darussalam,2348086491420
427,Mitchell-Soto,Shawn Frederick,Photographer,"067 Strickland Inlet Suite 551
Port Mary, SD 43563",Port Alyssa,77996,Saint Martin,2348150574445
428,"Hays, Durham and Vasquez",Joseph Rodgers,Pension scheme manager,"44854 Patterson Hollow
Port Shane, GA 90508",Pearsonport,48565,Tajikistan,2348077300963
429,Ramirez PLC,Christina Tate,Astronomer,"3660 Randall Plaza Suite 784
Martinmouth, VT 17102",New Jamesburgh,64400,Malaysia,2348729948502
430,"James, Simmons and Thomas",Carlos Flores,Town planner,"680 Beard Village
Dayville, OH 72575",North Charlesland,84545,Guatemala,2348718527310
431,"Mason, Gallagher and Wang",Dustin Murray,"Engineer, control and instrumentation","578 Christopher Lodge
Kennethmouth, MO 03464",Chambersburgh,11862,Bulgaria,2348994848993
432,Stewart-Pena,Troy Morales,"Biochemist, clinical","1783 Phelps Roads Suite 221
Brownfort, OR 63466",Martinezside,11960,Indonesia,2348943417698
433,Kim Ltd,Kristina Barnes,Chartered management accountant,"1349 Richard Grove
Port Andrew, OH 10555",Richfort,30315,Chile,2348999948569
434,"White, Padilla and Glass",Latoya Stevens,"Scientist, research (medical)","74181 Lauren Haven
South Heather, WI 35259",West Nathanielville,78944,Argentina,2348061010121
435,Moody Ltd,Michaela Sullivan,Media planner,"72269 Samuel Keys
Port Amy, MP 97856",Alexanderstad,56643,Lesotho,2348149247815
436,Bates-Anderson,Adam Miller,"Teacher, secondary school","USNS Farmer
FPO AE 94556",North Elizabeth,89762,Suriname,2348020336629
437,Mcdaniel LLC,Stephanie Holmes,Ship broker,"33401 Amy Haven
New Julie, IL 81929",Lake Nicholas,11515,Yemen,2348978582065
438,Fletcher-Robbins,Karen Foster,Architectural technologist,"96383 Dana Stravenue
Justinstad, SC 30594",Port Vincent,98534,Mayotte,2348716171560
439,"Smith, Martin and Hardin",Sarah Blankenship,Financial adviser,"95054 Walker Trail
Ariasville, TX 30259",North Roger,91809,Congo,2348089972891
440,Simmons-Mills,Amy Contreras,Drilling engineer,"USNV Miller
FPO AA 97617",Lindaland,64048,Norway,2348927260622
441,Brandt and Sons,Michael Booth,Senior tax professional/tax inspector,"836 James Pines
Port Williamside, NE 03843",West Vincentmouth,26530,Czech Republic,2348795917578
442,Gordon Inc,Richard White,Community education officer,"5297 Moyer Mountains
Port Thomasshire, MS 34040",Port Michelle,98463,Antarctica (the territory South of 60 deg S),2348141471809
443,Ho-Long,Roberto Fields,Agricultural consultant,"9199 Walker Springs Apt. 527
Hectorberg, MP 35890",New Jacobstad,62073,Romania,2348709396068
444,Walls Group,Edwin Stafford,Television production assistant,"125 Jonathan Street
East Joanne, NE 11334",New Russellbury,00560,Dominican Republic,2348056840871
445,"Page, Pacheco and Williams",Tyrone Cooper,Osteopath,"92088 Nixon Junctions
Austinport, MS 28871",Prattmouth,67267,Cameroon,2348062952423
446,Duncan LLC,Michael Edwards,"Pharmacist, community","23921 Roberts Falls
Lake Virginia, NY 41722",Kaneburgh,27591,French Southern Territories,2348192503065
447,"Yang, Doyle and Young",Seth Evans,Pharmacologist,"15356 Davis Lodge Suite 748
Port Stacey, PR 97289",Lake Gary,76787,Lebanon,2348143455200
448,Gonzales-Shelton,Jessica West,Ecologist,"00115 Jennifer Mission Apt. 068
Macdonaldhaven, VT 33734",Davisview,44814,Australia,2348728622590
449,"Livingston, Arias and Richardson",Jamie Sweeney,Osteopath,"62516 Philip Islands
Jamesfort, IA 91218",East Kayla,99679,Myanmar,2348753416505
450,Trujillo Inc,Alexander Rodriguez,Architect,"69440 Brandon Fields Suite 825
Port Ebonyfurt, AS 20916",Lake Jimmyhaven,50706,Philippines,2348955834279
451,Vargas-Davies,Dustin Clark,"Investment banker, operational","USS Green
FPO AE 66911",Cantrellton,38101,Nauru,2348707393005
452,"Hamilton, Pham and Fitzgerald",Brian Brandt,Research scientist (life sciences),"9297 Donna Estate
New Stevenberg, WY 18325",Flynnbury,06742,Rwanda,2348176206558
453,Freeman-Conley,Suzanne Burton,Secretary/administrator,"475 Chen Parkway Apt. 640
Josephfort, MN 99017",Jonesfort,69518,Denmark,2348767407963
454,"Scott, Franklin and White",Jason Davidson,"Psychotherapist, dance movement","PSC 5903, Box 2894
APO AE 82358",Lindatown,70712,Nauru,2348916900594
455,"Davis, Martin and Butler",Sophia Bowman,Armed forces training and education officer,"6857 Kimberly Via Suite 665
West James, MO 25301",South Timothyville,30812,Solomon Islands,2348055646498
456,Dyer Ltd,John Mitchell,Site engineer,"Unit 1102 Box 4668
DPO AP 73932",North Alexfort,12042,Saudi Arabia,2348983057401
457,"Jones, Velasquez and Peters",Paul Nash,Theme park manager,"6793 Alejandro Dam
East Timothy, RI 92347",East Franktown,44624,Albania,2348989341333
458,Campbell LLC,Sandra Smith,"Chemist, analytical","208 Chloe Ranch Suite 335
Port Reginabury, PW 21630",Kimberlyberg,03418,North Macedonia,2348790016728
459,Rose and Sons,Larry Williams,Data processing manager,"89784 Megan Course Apt. 906
North Ianport, AZ 45147",Ramseyborough,65078,Namibia,2348031812198
460,Smith and Sons,Scott Hayes,Fisheries officer,"2061 Stephanie Road
West Samuel, MA 98009",Port Carrieburgh,71974,Jersey,2348093071857
461,"Waller, Bell and Tucker",Karen Brown,Intelligence analyst,"62124 Blanchard Mountain
West Brent, NC 30840",Dixonfort,56826,Korea,2348039681704
462,Williams-Long,Paul Foster,Energy manager,"550 Ward Loop Suite 688
Williamston, TX 64276",East Maryfurt,50686,Rwanda,2348797989334
463,Brown-Cabrera,Michael Chase,"Engineer, electronics","USNV Wheeler
FPO AA 36100",Lake Carlashire,13168,New Zealand,2348169114038
464,"Mason, Mccormick and Yates",Jasmine Cox,Chief Technology Officer,"726 Gonzales Motorway
New Paulfurt, IL 65746",Williamsland,46039,Hong Kong,2348052739167
465,"Ryan, Flynn and Duncan",Richard Smith,Air traffic controller,"5959 Carlos Mill Suite 904
Bradystad, TN 26675",East Louis,61924,Nauru,2348003872786
466,Dean-Marshall,Timothy Davis,Marketing executive,"4349 Thomas Mission
Heatherport, VA 62285",West Jamesburgh,86757,Bahrain,2348999990295
467,Aguilar-Arias,Jay Ramirez,Financial controller,"59456 James Meadows Suite 344
Mayoshire, ID 26066",North Shannonland,78481,Angola,2348114294684
468,Anderson Ltd,Karen Hernandez,Social worker,"3754 William Keys
Port Adam, NY 21822",Fernandohaven,83090,Guadeloupe,2348147151590
469,"Hill, Anderson and Aguirre",Nancy Cochran,Copy,"Unit 6007 Box 3544
DPO AP 07082",Nicholasview,90654,Jamaica,2348186050358
470,Mcconnell-Rubio,Mrs. Kayla Lopez,Mental health nurse,"PSC 5819, Box 8422
APO AA 43580",Bondton,83184,Bulgaria,2348160953614
471,"Hawkins, Patton and Jenkins",David Bishop,Economist,"455 Chris Via Apt. 443
Eddieshire, RI 72134",Jessicashire,79234,Hong Kong,2348783045820
472,Warner Group,Kathryn Martin,Learning mentor,"5819 Sanders Junctions Suite 349
North Alexis, NJ 78797",Nelsonmouth,76337,Norway,2348984836867
473,"Garcia, Taylor and Wilkinson",Gregory Tapia,Marine scientist,"694 Romero Fall
Lake Matthew, FM 86318",Nathanton,16145,Barbados,2348964591846
474,"Myers, Robertson and Pollard",Sandra Klein,Physiological scientist,"46757 Thompson Knoll Apt. 689
Hoffmanville, KS 24240",West Dawnstad,22140,Monaco,2348120470531
475,Vasquez-Price,Marc Mckinney,Pension scheme manager,"9033 Manning Port
New Stephen, NY 73896",Stephanieberg,72955,Northern Mariana Islands,2348745613834
476,"Munoz, Lane and Morse",Victoria Castro,Pathologist,"48821 Smith Island Suite 598
West Jillianhaven, IL 99025",East Nicoleburgh,12187,Greece,2348160258566
477,Fletcher LLC,Robert Hubbard,Theatre manager,"232 Taylor Lock Suite 328
West Jacob, MT 59062",Carolbury,46030,Tajikistan,2348937423099
478,Hoffman-Wells,Patrick Carlson,Regulatory affairs officer,"67509 Baird Corners
East Dianefort, MP 40063",Lopezchester,33366,Iran,2348765340402
479,"Hudson, Carey and Villarreal",Michael Jennings,"Scientist, audiological","908 Briggs Isle Apt. 400
West Andrew, MS 57525",Port Deborahhaven,19612,Equatorial Guinea,2348076677832
480,Weiss Ltd,Rachel Taylor,Rural practice surveyor,"541 Gary Islands
Hernandezview, WV 91410",East Derek,46094,Argentina,2348113499021
481,Miller-Dodson,Carol Cabrera,Legal executive,"69130 Andrew Motorway
South Lindseyview, CA 92276",Lake John,18451,Japan,2348968922551
482,Mcneil Group,Shelley Scott,Tree surgeon,"7896 Kimberly Shoal Suite 366
New Stephanieburgh, NM 05862",New Matthewborough,34309,Guinea-Bissau,2348154706110
483,Taylor LLC,Joseph Jones,IT sales professional,"913 Davis Dale Apt. 049
West Gabriella, NC 98060",Brandonstad,24736,Chile,2348924941296
484,Orr PLC,Amy Cook,Mining engineer,"294 Hernandez Ports Apt. 468
North Danaview, AK 18011",West Jacktown,57270,Angola,2348737936092
485,"Bradshaw, Delgado and Oliver",Vanessa Singleton,Lexicographer,"092 Rhonda Circles Apt. 351
East Jennifer, WY 03225",Wilsonberg,91431,French Guiana,2348025871883
486,Rowland-Williams,Justin Davis,Police officer,"568 Jennifer Light Apt. 158
South Leslie, GA 60774",West Tracy,29951,Dominican Republic,2348937345300
487,Jenkins and Sons,Julia Garcia,"Nurse, mental health","52410 Davis Forge Apt. 090
North Carrie, OH 53158",Barkerville,63298,Tanzania,2348723747443
488,Simon and Sons,Janice Cook,Sport and exercise psychologist,"078 Kyle Extension Suite 889
East Valerie, AK 36491",New Jonathan,39939,Antigua and Barbuda,2348020128411
489,"Santiago, Harris and Parks",Melissa Wagner,Astronomer,"USNS Arnold
FPO AP 85845",Port Charles,79114,Holy See (Vatican City State),2348752867942
490,"Curtis, Boyd and Gilbert",Joshua Hatfield,Network engineer,"47605 Nicole Groves Apt. 474
Michaelmouth, OH 67800",Lake Samantha,62256,Barbados,2348102365342
491,Black-Singh,Rebecca Harris,Sales promotion account executive,"09097 Gonzalez Spring
Andreastad, ID 66888",Peckport,34612,Cayman Islands,2348084219177
492,"Chavez, Rocha and Herrera",Chad Allen,"Production assistant, radio","70151 Tyrone Springs Apt. 234
Tonyton, CA 76440",Port James,21155,Indonesia,2348906365979
493,"Brown, Jackson and Avery",Daniel Gonzalez,Research scientist (maths),"63490 Michelle Land Apt. 676
Port Brianborough, MT 73318",Carrollstad,78497,Lesotho,2348014963416
494,"Green, Smith and Gordon",Christine Valentine,Holiday representative,"764 Virginia Meadow
Vasquezhaven, AR 00858",West Jacob,42276,Argentina,2348978385558
495,Cherry and Sons,Matthew Brown,Ceramics designer,"145 Hannah Mall
Lake Amber, MH 52351",Jordanland,17343,Mali,2348928372791
496,Bryant and Sons,Maria Cunningham,Architectural technologist,"78359 Patricia Gardens
North Donna, KY 09567",South Victoriaberg,98916,Tonga,2348952508317
497,"Green, Coleman and Bennett",Tommy Lester,Environmental education officer,"73877 Lewis Village
Charlesmouth, AR 36452",Port Scott,68127,Chile,2348904465294
498,Love Group,Glenn Smith,Therapeutic radiographer,"USNV Cole
FPO AE 18750",Melissaview,75574,Botswana,2348023121743
499,"Johnson, Atkinson and Phillips",Teresa Carpenter,Advice worker,"08956 Vaughan Forges
New Rachel, ND 08162",Valerieberg,34414,Timor-Leste,2348054578281
500,"Martin, Rodgers and Torres",Mary Cervantes,"Designer, blown glass/stained glass","79423 Bradley Freeway Suite 577
Skinnerberg, NM 81311",Christianfurt,27534,Venezuela,2348709036142
