SupplierID,SupplierName,ContactName,Address,City,PostalCode,Country,Phone
1,Chang-Fisher,Jorge Sullivan,"5938 Juan Throughway Apt. 948
West Corey, CA 90152",Thomasville,46873,Jordan,2348159387784
2,Trujillo PLC,Anna Larsen,"753 Padilla Circles
New Jeffrey, AS 19178",Davismouth,67077,Venezuela,2348971484185
3,"Harris, Lloyd and Payne",Brandon Yates,"2320 Alvarez Corners
East Sandra, MP 11019",Masseyhaven,36628,Mali,2348033969477
4,"Davidson, Graves and Haas",Frederick Wilson,"30413 Norton Isle Suite 012
North Lisa, SC 70519",North Davidborough,79974,Switzerland,2348191615109
5,Lee and Sons,Karen Acosta,"691 Jones Cliffs
Michaelburgh, AR 66513",Williamsville,92162,India,2348034579230
6,"Moore, Martin and Moreno",Thomas Wade,"845 Monroe Glen Apt. 807
West Joanneside, KY 18174",Port Stephanie,46667,New Zealand,2348045992466
7,"Miller, Wheeler and Hale",Daniel West,"69602 Brown Squares Apt. 787
North Troyport, MP 61697",Port Mackenziechester,25142,Mexico,2348012066503
8,Love Inc,Miss Lisa Lee,"4217 Burton Brooks
Robinville, VI 34119",Lake Abigail,85800,Oman,2348051240003
9,"Green, Edwards and Richardson",Sarah Mathis,"USCGC Joseph
FPO AA 84405",Watsonside,23869,Cote d'Ivoire,2348969402245
10,Clarke-Higgins,Marc Williams,"6824 Timothy Garden Apt. 428
West Richardmouth, ME 54859",North Annfort,62629,Guadeloupe,2348751717604
11,Navarro-Kline,Lori Bennett,"Unit 1113 Box 3060
DPO AE 52118",Shanefort,77163,Rwanda,2348936153492
12,Lee-Wilson,Sarah Johnson,"76430 Cindy Cove
South Nicholas, ND 20336",New Tonyaberg,74413,Iraq,2348968757738
13,"Velazquez, Smith and Thornton",Emily Morris,"269 Robbins Valley Suite 118
North Jeffreyton, ME 02504",Riveraburgh,20007,Trinidad and Tobago,2348775868809
14,Gregory PLC,Wanda Burgess,"PSC 3489, Box 6769
APO AP 31115",Lake Nicoleburgh,40142,Madagascar,2348794517446
15,Patrick-Brown,Bethany Mitchell,"76279 Emily Drive
Robertmouth, MS 60647",North Thomasberg,03152,Antigua and Barbuda,2348799251853
16,Logan-Waters,Antonio Haynes,"194 Susan Loaf Suite 183
Port Philipstad, WV 25467",Kellyland,06352,United Arab Emirates,2348907408993
17,Davis Ltd,Melissa Fisher,"69611 Brown Mall
Lake Stephanie, WY 59053",Parkstown,65594,Uruguay,2348154151150
18,Bailey-Smith,Sabrina Jones,"PSC 3031, Box 0450
APO AP 31022",East Shawn,62982,Guatemala,2348042035574
19,Giles-Rubio,Catherine Kaiser,"62235 Joel Ferry Suite 560
New Andrew, CA 92535",East Robertside,55125,Saint Vincent and the Grenadines,2348729645137
20,"Wood, Rush and Brown",Jason Chandler,"4712 Joshua Point
Port Jacqueline, MO 24799",Reynoldsbury,59935,Guam,2348982571734
21,Greer Group,Aimee Evans,"926 Davis Parks Apt. 864
North Josephton, AL 34130",Foxshire,93557,Indonesia,2348771454391
22,Jones LLC,Gerald Moreno,"64482 Amanda Loop
Figueroaview, LA 58482",Ashleyberg,21088,British Virgin Islands,2348016697284
23,Chen-Newton,John Mason,"4270 Anthony Mountains
Onealtown, PR 69553",Lake Michellefurt,01342,Guyana,2348701904432
24,"Roberts, Garcia and Murray",Christopher Fisher,"PSC 6272, Box 8523
APO AE 58713",Kristinafurt,56506,Sri Lanka,2348776337390
25,Johnson-Schultz,Heidi Paul,"491 Wise Knoll
Ellishaven, TN 85502",Carpenterfort,33891,Romania,2348173540002
26,Smith-Pena,Richard Becker,"Unit 6837 Box 3591
DPO AP 11723",Marcusmouth,43118,Equatorial Guinea,2348108035138
27,Lopez-Harris,Nancy Collins,"5304 Albert Park Suite 067
Alexanderland, CO 32108",Port Kathychester,28480,Kazakhstan,2348191686023
28,Robinson-Pittman,Harold Vang,"834 Palmer Mountain Suite 430
New Kristenville, HI 96561",Wrightport,96980,Palestinian Territory,2348008860164
29,Maddox PLC,Michael Warner,"318 Leonard Fort
Courtneyport, OR 22964",Port Alexis,66672,Greece,2348959026228
30,Taylor and Sons,Patricia Hudson,"23659 Cristina Coves
New Caitlinfort, NH 40962",East Angelaburgh,87119,Turkmenistan,2348777851429
31,Warner-Underwood,Janet Brown,"7345 Kevin Knolls
Lake Crystalstad, AK 64871",North Johntown,30093,Yemen,2348951056237
32,Thomas-Collins,Monica Floyd,"4887 Annette Crossing
Finleyburgh, AL 66109",New Misty,67863,Tajikistan,2348121532302
33,"French, Sutton and Jackson",Timothy Harper,"299 Johnny Valley Suite 007
West Kellyberg, NH 31453",Francisfurt,44756,Faroe Islands,2348776048487
34,Mejia PLC,Taylor Johnson,"5700 Singh Bypass
Erinshire, UT 38482",Port Allison,45102,Hungary,2348043195398
35,"Hutchinson, Martin and Parrish",Ryan Wilkins,"255 Garrett Islands
Pattonchester, GA 00633",New Bradley,16996,Guam,2348907493186
36,Dodson-Thompson,Matthew Moore,"4440 Osborne Viaduct Suite 488
Veronicaborough, VT 57084",Port Adam,67523,Cape Verde,2348196570869
37,Yoder LLC,Teresa Frazier,"39342 Miller Mission Apt. 781
East Scott, CA 56435",Shepardview,57807,Turkmenistan,2348759514070
38,Harris-Sanders,Mark Nunez,"759 Anne Harbors
Lynnfurt, NJ 68880",North Christopher,46039,Guyana,2348001318705
39,Edwards and Sons,Dr. Denise Lambert,"8022 Renee Squares Apt. 808
Herringstad, AS 77293",North Anitaview,26925,South Georgia and the South Sandwich Islands,2348045448727
40,"Hernandez, Chen and Thompson",Stephanie Stewart,"USNS Wong
FPO AA 80571",Port Stephen,21392,Russian Federation,2348952780818
41,Smith-Hampton,Lawrence Hudson,"512 Schaefer Falls Apt. 059
North Robert, AR 92099",Lauraton,79203,Seychelles,2348925160759
42,"Avila, Chambers and Hart",Jennifer Johnson,"1511 Michael Fall
Gilberttown, MD 60332",Alvarezton,70704,Tokelau,2348164081155
43,Ruiz Inc,Jose Ballard,"USS Bennett
FPO AE 72365",East Greg,21338,Northern Mariana Islands,2348939507603
44,Reid LLC,David Perez,"9269 Fernando Prairie Apt. 622
North Madisonhaven, AL 05505",Port Sarashire,80648,Cameroon,2348026066953
45,Cox and Sons,Angel Russell,"6376 Sabrina Garden
Sandersshire, CA 33579",Nicolestad,71586,Angola,2348999734095
46,Maynard-Rodriguez,Amber Reeves,"661 Munoz Estates Apt. 576
New Samantha, VI 37687",West Michaelstad,62455,Norfolk Island,2348980342954
47,Walters-Carter,Michael Adams,"21952 Russell Locks Suite 116
East Eric, GA 30418",New Derekfort,47290,United Arab Emirates,2348994516425
48,"Mason, Rivera and Neal",Victoria Manning,"6784 Forbes Via Apt. 220
Lake Kimberlyborough, PA 84950",West Haleyburgh,49765,Belize,2348700157517
49,Silva-King,Dr. Thomas Hoffman,"202 Franklin Fords
Ericksonfurt, KS 03275",South George,58298,Mongolia,2348006196538
50,Williams-Harvey,Jordan Pierce,"38524 Stephen Cliff Suite 696
West Timothyville, LA 18991",Lisaberg,86803,Tonga,2348002983006
51,"Lyons, Guzman and Klein",John Reed,"033 Roberson Inlet
Jeffreyfort, MI 67213",Christopherport,75692,Jamaica,2348135623437
52,"Gilmore, Howard and Cruz",Richard Morales,"55645 Saunders Station Suite 174
South Ericbury, WA 25003",Victorville,89774,Hungary,2348167879936
53,"Collins, Hall and Holmes",John Long,"USCGC Joyce
FPO AP 05801",Davisborough,95584,Greece,2348021250300
54,Nichols-Anderson,Lisa Gaines,"08961 Sara Forks Suite 670
Clarkton, RI 35801",New Michaelstad,44714,Philippines,2348772981411
55,Johnson-Thomas,Brandy Clark,"Unit 5368 Box 8181
DPO AP 62709",New Patriciafort,23920,Korea,2348985264619
56,"Rogers, Short and Hall",John Mcconnell,"673 Allen Neck
Thomasmouth, LA 47683",Greeneberg,68970,Poland,2348713481025
57,Cook PLC,Pamela Mcdonald,"3260 Barron Springs Apt. 528
Hernandezfort, MH 87428",New Scott,32347,Libyan Arab Jamahiriya,2348195830002
58,Ramos Ltd,Mary Rodriguez,"Unit 8645 Box 7325
DPO AP 47232",Myersmouth,61917,Bangladesh,2348923126783
59,Padilla-Smith,Scott Richards,"302 Parker Plains Apt. 197
East Robertstad, ME 11473",Port Lindseytown,77557,Tonga,2348185274197
60,Humphrey-Pollard,Paul Pennington,"02599 Brown Pine Suite 656
North Ryanberg, WV 19079",North Janicebury,04667,Norfolk Island,2348144615459
61,"Lopez, Summers and Weaver",Juan Martin,"452 Forbes Courts
Mosesland, KS 75278",New Charlesshire,17312,Libyan Arab Jamahiriya,2348108351832
62,"Alvarado, Hall and Harris",Jessica Moore,"337 Terrell Harbor Apt. 154
Austintown, LA 15529",Lake Joshua,26900,Malaysia,2348085716886
63,Miller Group,Carrie Allen MD,"04155 Williams Station
Port Pamela, NC 18853",Carlafurt,55367,Fiji,2348793458771
64,Brooks-Meyer,Robert Reyes,"22705 Martinez Gateway Suite 446
Ruizton, GA 93453",Jamesberg,29508,South Georgia and the South Sandwich Islands,2348942284802
65,Lin Ltd,Stephen Acevedo,"238 Lindsey Walks
Lake Stevenborough, AR 54508",South William,28352,Hungary,2348088712180
66,Smith Ltd,Dr. Joanna Hill,"641 Brenda Streets Apt. 008
Lake Seanmouth, VT 87205",New Courtney,67306,French Guiana,2348009255548
67,"Barker, Anderson and Mendoza",Sandra Gonzalez,"7274 Bailey Route Suite 696
Emilyshire, MP 31334",South Javier,67920,Chad,2348982988875
68,Hamilton-Bryant,Amy Blair,"Unit 7103 Box 9140
DPO AE 24749",Lake Michael,35585,Algeria,2348700924367
69,"Cox, Kelly and Perkins",Melissa Tate,"3635 Laura Parks Apt. 998
Willisbury, MH 00861",South Phylliston,85223,Oman,2348728164593
70,"Brown, Mata and Stewart",Nicole Tucker,"1721 Hansen Lodge Suite 629
Mirandaville, OR 15107",Lake Tamara,39063,Poland,2348016441588
71,Smith PLC,Reginald Taylor,"0521 Schneider Summit Apt. 036
North Carolfurt, DC 73936",Richardside,07680,Samoa,2348978282392
72,Ray LLC,Daniel Cohen,"104 Kendra Village
North Stephanie, AL 97539",Marymouth,76307,Sao Tome and Principe,2348111534757
73,Nichols-Miller,James Powell,"132 Poole Pass Suite 212
North Patrick, OK 15689",New Josephport,46668,Wallis and Futuna,2348976959785
74,Waters Inc,Rachael Diaz,"91715 Wang Gardens
New Williamton, OK 47516",West Hectorview,64207,Liberia,2348760375207
75,"Barrett, Hebert and Whitaker",Melinda Carpenter,"799 Cheryl Island
Tiffanyshire, WI 82880",New Russell,31594,Heard Island and McDonald Islands,2348164334389
76,Dunlap-Allen,Mark Morris,"289 Patricia Mission Suite 329
Catherineland, ND 65608",West Peter,67576,Cook Islands,2348056500339
77,Bradford Group,Jonathan Barker,"601 Matthew Estate Suite 987
Amychester, PR 63640",Jeffreyland,95684,Belgium,2348118098591
78,"Young, Williams and Davis",Emily Cabrera,"983 Phillips Ferry
East David, IN 34301",Kramerberg,96763,Nicaragua,2348043126239
79,Bell Ltd,Cameron Briggs,"302 Joy Spring Apt. 622
Ryanhaven, MD 29335",South Leslie,58512,Djibouti,2348043157458
80,"Costa, Robinson and Tran",James Finley,"PSC 1827, Box 2648
APO AE 23784",West Scottmouth,49806,Malaysia,2348905668289
81,Douglas LLC,Kelli Johnston,"61186 William Mountain Apt. 033
North Carmen, MT 09631",New James,64960,Bermuda,2348131829389
82,"Fowler, Reynolds and Foster",Deborah Mcbride,"5303 Lewis Springs
Port Adrian, IA 59973",Davisview,85561,French Guiana,2348165419175
83,"Howell, Davis and Callahan",Shawn Vincent,"521 Flores Stream
West Rebeccaborough, ID 39192",Curtisfurt,52243,Argentina,2348027142839
84,Bell-Richards,Jessica Figueroa,"78620 Brady Ports
Lake Michaelville, CT 65286",New Brad,93646,Pitcairn Islands,2348791749486
85,Young Inc,Lauren Luna,"303 Jasmine Spring Apt. 299
North Daniel, CT 35829",Rayview,76302,Italy,2348001270554
86,"Russell, Whitehead and Terrell",Christy Davis,"375 Kathy Manor
Lake Martin, OK 86455",Bradshawport,12944,Kenya,2348143441527
87,Hughes Ltd,Mark Wise,"9983 Mary Grove Apt. 643
Beardview, NY 53474",New Tyler,23043,Puerto Rico,2348003541064
88,Howell-Knapp,Richard Anderson,"7725 Sweeney Lodge
Brandyland, OH 59854",North Alexis,69300,Togo,2348767361604
89,"Jackson, Ramirez and Martinez",Gail Novak,"7335 Green Extension Suite 601
North Markborough, ME 71905",New Kimberlyland,13917,Mayotte,2348794031272
90,Marshall Ltd,Michael Duncan,"14163 Cummings Forks
Brewerhaven, OH 48737",South Danielle,01597,Namibia,2348169345857
91,"Farrell, Mclaughlin and Gilmore",Dawn Nelson,"5057 Lowe Brooks
South Jessicaburgh, ID 51445",Andreaton,64928,Isle of Man,2348977503931
92,Braun-Keller,Melissa Everett,"16087 Stevenson Alley Apt. 946
Padillaport, CA 05598",West Nicholaschester,50435,Slovenia,2348134768064
93,"Washington, Ross and Summers",Jennifer Calhoun,"PSC 9947, Box 8546
APO AP 85213",West Benjamin,58061,Kazakhstan,2348941353609
94,Moore-Underwood,Benjamin Garcia DVM,"86624 Alexander Place
East Timothyville, TN 15799",Briggsport,96670,South Georgia and the South Sandwich Islands,2348944609457
95,Brown Ltd,Elaine Conrad,"361 Williams Underpass Apt. 504
Brianton, RI 06150",Port Brittney,22683,Latvia,2348019208211
96,"Jones, Waters and Wilson",Taylor Reynolds,"281 Melissa Stream Suite 821
Lake Natashabury, CT 96075",Kemphaven,42987,Monaco,2348998643912
97,"Sullivan, Waters and Diaz",Harry Brooks,"3221 Navarro Shores
West Tammy, GU 18700",East Samanthastad,98412,Gibraltar,2348031872453
98,"Wilson, Lambert and Sanchez",Patricia Bernard,"505 Phillip Throughway Suite 842
Brandonview, VA 10929",Deborahtown,89410,Ethiopia,2348032458127
99,Savage PLC,Jennifer Li,"09252 Young Plaza Apt. 083
Liumouth, OR 81644",Tamarastad,48370,Brazil,2348906527369
100,Estrada and Sons,Kathleen Todd,"7341 Rebekah Alley Suite 212
Gregoryview, NC 85025",Floreschester,64790,Kyrgyz Republic,2348714954446
101,"Palmer, Porter and Lucas",Christina Nelson,"006 Stephanie Harbors Apt. 076
Andreahaven, NV 73361",Laneshire,99429,Anguilla,2348095346131
102,Kramer Group,Victoria Crawford,"4758 Kimberly Lake
Phillipside, SD 78510",West Patriciahaven,18806,Cameroon,2348115300771
103,"Mills, Taylor and Owens",David Turner,"PSC 7505, Box 1191
APO AA 86663",Wendystad,24158,Sierra Leone,2348107663164
104,Reynolds-Vasquez,Jeffrey Harris,"1275 Carter Valleys
Cooperburgh, NH 17219",Lindafort,20731,Bhutan,2348189975215
105,Nelson LLC,Yvonne Rodriguez,"5034 Geoffrey Point Apt. 731
Peggyville, AR 50157",South Stevenberg,93153,Cambodia,2348901216914
106,Ray Inc,Paul Turner,"745 Deborah Lodge
Patriciaburgh, PW 21713",East Danastad,89071,Saint Pierre and Miquelon,2348971586470
107,Bailey Group,David Martinez,"53152 Joel Plaza Suite 759
Valenzuelaview, WI 39297",New Gabrielleburgh,36098,Congo,2348088147210
108,Moreno-Rice,Kimberly Hopkins,"535 Thomas Stravenue Apt. 720
New Melissaberg, WV 14838",West Rebeccaborough,08720,Peru,2348103256895
109,Clark-Cortez,Courtney Smith,"2319 Sarah Turnpike
Karenport, WI 59798",Alexandrafort,43714,Sudan,2348948478565
110,Braun-Campos,Alexis Pittman,"6227 Stephanie Extension Apt. 148
New Melissa, TN 64065",South Sharonchester,24577,Brazil,2348708011922
111,"Clark, Howard and Garcia",Calvin Berry,"979 Davis Manor
Lake Rebeccaberg, HI 90658",Joshuamouth,22671,Kiribati,2348058116003
112,Graham-Wright,Jeffrey Martinez,"3605 Jackson Corners Suite 709
Port Donald, OH 74865",Erinmouth,91371,Bangladesh,2348064740607
113,Anderson LLC,Lawrence Burns,"60429 Christian Way Suite 826
Davidside, MN 77948",Port Christopher,32260,Bouvet Island (Bouvetoya),2348137306545
114,"King, Kerr and Brady",Emily Griffin,"PSC 3708, Box 9653
APO AP 46230",Laurenburgh,95703,Saint Barthelemy,2348943156244
115,"Lutz, Carey and Grimes",Tristan Colon,"1193 Jason Summit Suite 891
Port Paula, WI 79877",Port Susanview,28524,Mauritania,2348107100932
116,Fischer-Gonzalez,Patrick Bradley,"548 Beverly Bridge
Gomezmouth, KY 45848",West Annestad,05528,Saint Kitts and Nevis,2348009606369
117,Carter-Smith,Jordan Jones,"26692 Debra Coves
Port Blakefurt, GU 37592",Port Omar,88376,Ghana,2348968385930
118,Vasquez-Mccann,Ronald Morgan,"03145 Quinn Underpass
East Barbara, MT 36638",South Laurenville,99692,Montenegro,2348172636628
119,"Ramos, Dean and Cervantes",Maria Warren,"3918 Eric Expressway Suite 051
New Tabitha, NC 81643",New Robert,02231,Serbia,2348052083794
120,Hensley-Schroeder,Leah Lee,"5404 Michael Fields Suite 333
Lake Nicholas, ND 33457",West Rebecca,04022,Turkey,2348980861438
121,Doyle-Roach,William Craig,"44274 Shelby Vista
North Tim, ID 47463",Adamsmouth,14040,Somalia,2348927582176
122,Flores-Lynch,Mr. Jason Marsh,"16341 Mcmahon Prairie
Tinatown, OK 06928",Andersenchester,69152,Heard Island and McDonald Islands,2348933211892
123,Howard-Dixon,Chase George,"05218 Obrien Gateway Apt. 817
Mitchellland, IL 05918",Greenmouth,29306,Namibia,2348754172017
124,"Campbell, Farmer and King",Nicholas Little,"6306 Morales Rapids Apt. 815
South Douglasberg, AR 86538",Tamarastad,32275,Mongolia,2348913654017
125,Chen-James,Thomas Smith,"015 Elizabeth Way
South Jonathan, OK 49592",Triciafort,81336,Madagascar,2348903233121
126,Burke Inc,Molly Mendez,"0985 David Hills Suite 698
South Ashleybury, MO 35092",Joannmouth,75645,Romania,2348048477194
127,Watts-Moran,Natalie Pacheco,"183 Sharon Brook Apt. 471
South Joyceview, PR 67964",Kristenview,26820,Western Sahara,2348169774509
128,"Pugh, Schroeder and Rodriguez",Brittany Bryant,"328 Owens Mountains Apt. 128
Port Johnmouth, MN 07975",Santiagoburgh,37821,Turks and Caicos Islands,2348170884549
129,"Flores, Galloway and Bailey",Jerry Dean,"470 Moore Key Apt. 106
Connerton, MD 03840",South Tammyborough,91804,Christmas Island,2348971680412
130,Smith Group,Patricia Carpenter,"9545 Brandon Pike Apt. 780
Floreshaven, FM 27102",New Johnside,41520,Canada,2348739787627
131,Jackson-Ward,Sarah Fitzgerald,"0012 Kline Expressway
North Lauraburgh, OR 20807",East Edwardburgh,53906,Iceland,2348005459039
132,Richardson LLC,William Lowe,"3594 Jason Pine
New Dennis, GU 66768",West Bonnieside,82457,Niger,2348719254747
133,Foster LLC,Chase Foley,"55452 Rasmussen Flats Apt. 979
Hopkinsshire, VT 32512",West Derekmouth,54131,Uruguay,2348191064936
134,Pitts PLC,Lucas Washington,"USCGC Mcgrath
FPO AA 08502",Gregorymouth,16473,Madagascar,2348197296324
135,Finley Group,Emily Lin,"9072 Clark Bridge
Cindybury, PW 01377",Port Laura,51219,Burkina Faso,2348949832697
136,Stafford-Morrow,Mitchell Taylor,"654 Kelly Parks Suite 693
Mortonborough, UT 24462",Farmermouth,05450,Saint Pierre and Miquelon,2348963846144
137,Hernandez and Sons,Christopher Clark,"12494 Lopez Harbors
Danielview, MA 94014",Melissaside,73558,Sudan,2348100569759
138,Wilson Group,Angela Andersen,"200 Paul Lakes Apt. 558
Ryanville, CT 81479",East Marcus,73237,Iraq,2348920105369
139,"Brewer, Jenkins and Morgan",Nicholas Logan,"66330 Barnes Turnpike
New Cristian, WV 81238",Melissamouth,33430,Malawi,2348137939091
140,Reynolds-Garcia,Garrett Wilson,"49116 Hernandez Islands
East John, AZ 94138",South Thomasside,31319,Jamaica,2348133915241
141,Hayes-David,Richard Lee,"396 Jordan Loaf
East Jessica, ND 64750",Port Jimmystad,89921,Togo,2348194047363
142,Riley-Johnson,Jessica Simon,"006 Chavez Row
New Patrickchester, KY 97029",Port Matthewton,46250,Palau,2348719081980
143,Vargas Group,Ashlee White,"79463 Alexa Oval
Port Jeremyfurt, UT 86921",Jonesbury,16024,Cape Verde,2348167649380
144,"Carney, Beck and Moore",Kenneth Taylor PhD,"796 Barton Ways Apt. 148
West Sandy, VA 40309",Port William,36201,French Guiana,2348065531443
145,Sanchez PLC,Daniel Leon,"8561 Gonzales Court
Lake David, NC 35451",Alanfurt,26568,Anguilla,2348992066566
146,Adams Group,Laura Smith,"832 Coleman Parkways
Sarahfort, IA 84106",West Dylanborough,32801,Burkina Faso,2348000744806
147,Aguirre-Waller,Amanda Valdez,"1507 Jonathan Lane Apt. 677
Port Javier, DE 71584",New Jeffside,52909,Gibraltar,2348143905419
148,"Houston, Lopez and Stevens",Hector Graham,"63498 Brian Burg
Lisamouth, AS 95510",Joshuamouth,49576,Bulgaria,2348917811225
149,Robinson-King,Hector Romero,"619 Stevens Cliffs
Lake Stanleyberg, MS 96818",South Miranda,04954,Guatemala,2348964421978
150,Sloan-Larson,Rebecca Hopkins,"8628 Jennifer Haven
West Brian, MN 91610",Patrickton,25786,Nigeria,2348943740066
151,"Vazquez, Smith and Jackson",Jason Baxter,"592 Mark Shores Apt. 664
Veronicahaven, VT 99640",New Brenda,05284,Slovenia,2348773342273
152,Miller and Sons,Jay Christensen,"409 Kenneth Light Apt. 951
Coxshire, AZ 13756",Donnaborough,41167,French Guiana,2348110196373
153,Underwood-Rhodes,John Martin,"Unit 8716 Box 5219
DPO AP 45095",Harveyfort,89303,South Africa,2348060244846
154,"Smith, Cordova and Jones",John Spencer,"USS Pearson
FPO AE 99135",Fordmouth,85154,Cameroon,2348775149392
155,"Fox, Rios and Thompson",Justin Blair,"742 Margaret Mews Suite 460
North Johnland, AZ 49707",Carlsonville,35549,Wallis and Futuna,2348102790104
156,Kim and Sons,Claire Davidson,"PSC 0077, Box 5210
APO AP 78628",North Danafurt,35121,Slovenia,2348107418215
157,"Flores, Boyd and Douglas",Joseph Austin,"848 Eric Knoll
North Justinchester, NY 33827",North Nathan,52701,British Indian Ocean Territory (Chagos Archipelago),2348020680949
158,"Hurley, Young and Smith",Alison Norton,"4701 Hall Groves
East Amystad, MN 35533",Brianchester,38685,Western Sahara,2348154027533
159,Coleman PLC,Candice Walsh,"8605 Steven Port
South William, PW 58519",West Theresa,80168,Germany,2348759906156
160,Brooks-Anderson,Taylor Mckay,"331 Roberson Falls Apt. 056
Port Daleside, RI 06588",Ericstad,61007,Israel,2348954456272
161,"Marshall, Ortiz and Hendrix",Bryan Galvan,"3145 Clifford Mill Apt. 077
East Charlesborough, PW 85394",West Nathan,39432,Puerto Rico,2348040590526
162,Quinn Group,Stephanie Thomas,"50177 Stephanie Pine Apt. 161
Andersonfort, OK 74845",Ashleytown,70138,Antigua and Barbuda,2348193292727
163,Smith Inc,Julie Washington,"9981 Barbara Run Apt. 777
Rogerton, AZ 96563",Patrickbury,79949,Namibia,2348708395324
164,"Medina, White and Harrell",Ashley Haynes,"562 Stokes Overpass
West Robertstad, MH 52814",Lisachester,88526,Eritrea,2348103753150
165,Valencia-Barnes,Victoria Donovan,"1034 Jason Corner Apt. 239
Walshport, MH 20992",Lake Abigail,01415,Sao Tome and Principe,2348127910474
166,Robertson PLC,Lori Huff DVM,"6457 Rosales Fall
Clarkchester, SD 57821",Brownfort,45456,Niue,2348905757118
167,Banks-Phillips,Glenn Pena,"7680 Weaver Route
West Kimtown, OR 62149",Robinsonton,40500,Malaysia,2348783983186
168,Dunn LLC,Anthony Jennings,"996 Olson Ridges
West Fernando, ID 64817",East Victoria,35989,Svalbard & Jan Mayen Islands,2348753952163
169,Poole PLC,James Martin,"143 Brian Corners
Robertsfort, MS 36597",Lake Anita,70113,Uzbekistan,2348091565182
170,"Alvarez, Bond and Beard",Rebecca Ferguson,"14038 Chandler Points
Stephanieville, UT 97658",Johnsonborough,71678,Spain,2348960669883
171,Rowland LLC,Eric Lewis,"875 Mary Stream Apt. 557
New Joshua, CA 59698",Port Margaret,86342,Tuvalu,2348948229138
172,"Mckinney, Stevens and Martinez",Nicole Patterson,"7998 Tammy Rapids
Mccartytown, MA 71081",Wilsonside,94756,French Southern Territories,2348019509242
173,Carson-Walker,Lori Kirby,"5973 Butler Streets
Russellfort, ID 21428",Williamsborough,06090,Lithuania,2348702128311
174,Lopez-Strong,Christopher Fisher,"701 James Cove
New Shellyland, RI 10891",East Jonathanmouth,76602,Malta,2348924499935
175,Farmer-Zuniga,Carol Hickman,"96760 Chelsea Brook
Coreyton, NE 04944",East Rhonda,40554,Belarus,2348730976673
176,Norris-Jones,Jeffery Mendez,"99773 Gordon Glen
North Sarah, MP 98995",Kristinehaven,36753,Sao Tome and Principe,2348006533350
177,"Dawson, Williams and Robinson",Nathan Nichols,"77739 Kelsey Plaza
Lake David, MA 77063",North Janet,94043,Sao Tome and Principe,2348764321334
178,Casey-Glenn,Kimberly Porter,"13983 David Flat
Marksfort, CT 48013",Stephenstown,54221,Oman,2348099292658
179,"Gonzalez, Moran and Harris",Luke Li,"PSC 6970, Box 8535
APO AE 04234",Margaretfort,10088,Moldova,2348196498230
180,Wilson-Joseph,Kevin Pugh,"1090 Henson Causeway Apt. 104
Jessicaland, GU 10999",Port Brianna,05026,Solomon Islands,2348055997089
181,"Freeman, Hood and Roberts",Cynthia Bell,"60049 Megan Drive Apt. 643
North Cherylmouth, PA 20036",Port Christie,43539,French Southern Territories,2348768187344
182,Kirk PLC,Steven Cunningham,"8446 Rodriguez Club Suite 323
Michellehaven, NV 85186",Parkchester,28079,Singapore,2348987513974
183,"Molina, Collier and Johnson",Meghan Lyons,"581 Timothy Stravenue Suite 704
Watsonfort, DC 87607",Lake Brandon,74772,Dominican Republic,2348039304165
184,Reed-Vargas,Jason Hall,"54924 Susan Pine Suite 431
Wilsonside, NM 98475",Monicaport,66469,Bosnia and Herzegovina,2348703358255
185,Collins Ltd,Stephanie Craig,"1009 Jeremy Points Apt. 829
Sandraburgh, GA 77059",Casefort,78587,Turks and Caicos Islands,2348948351332
186,Ramirez Group,Edward Cooper,"83664 Michael Inlet Suite 266
Ortizborough, MH 81122",West Ashleyton,86757,Liberia,2348790699200
187,"King, Thompson and Meyers",Vincent Erickson,"6533 Misty Mills
Edwardsmouth, ND 97090",Port Ashley,96878,Slovakia (Slovak Republic),2348047912483
188,"Mason, Mack and Jenkins",Patricia Liu,"24423 Michael Springs
Port Stephanie, IA 77834",Port Wyattborough,71852,Liechtenstein,2348952677378
189,Park-Ayers,Nicholas Moody,"1123 Ferguson Circle Suite 287
North John, ID 79181",West Michaelfort,41089,Solomon Islands,2348959551461
190,"Deleon, Hull and Bowman",Rachel Davis,"89530 Anita Shoals
Ronaldport, MP 42703",Brownbury,36304,Reunion,2348756501105
191,"Collier, Reese and Gilmore",Raymond Ware,"858 Madeline Dam
Keithberg, CO 35101",Anthonymouth,38911,North Macedonia,2348965306251
192,Hall and Sons,Mr. Jeremy Baldwin,"99376 Hawkins Cape Apt. 496
East Wanda, SD 81740",Boyerhaven,23452,Zambia,2348720319039
193,Horne Ltd,David Robinson,"59156 William Center Apt. 044
Port Nicoleville, MN 46729",Georgechester,99372,Comoros,2348931162798
194,Johns-Neal,Pamela Espinoza,"USS Smith
FPO AE 27623",Ashleyland,66600,Mali,2348742456160
195,"Mitchell, Tran and Watts",Evan Bush,"Unit 0721 Box 0343
DPO AE 82816",Lake James,39206,Jersey,2348747799633
196,"Flowers, Thornton and Diaz",Richard Johnson,"532 Miller Circle Suite 021
North Jenniferville, FL 49927",Anthonyville,25490,New Caledonia,2348098803209
197,Baker-Roberts,Sara White,"1218 Thomas Branch Apt. 431
Jonathanfort, MH 29668",Nicoleside,57732,United Arab Emirates,2348774739861
198,Myers-Martinez,Mark Pearson,"106 Harris Ford
Ryanton, VI 95470",Reynoldsport,36311,Iceland,2348794692201
199,Williams PLC,John Graham,"58679 Hudson Village Apt. 242
Scottshire, CO 41264",Torreschester,81404,Afghanistan,2348973843098
200,Davis-Harmon,James Diaz,"50019 Rodriguez Junction Apt. 555
Dylanmouth, CO 33868",Yolandaview,84009,Finland,2348026963913
201,West-Zamora,Tara Potts,"5170 Hernandez Oval
East Mathew, CT 34926",Mcdonaldchester,98738,Haiti,2348198211264
202,Kirk PLC,Donna Boyd,"Unit 2763 Box 5445
DPO AE 34484",North Kelly,51174,Iran,2348057118327
203,Perkins LLC,Richard Dominguez,"945 Diane Bridge Suite 207
Onealville, MH 57833",Saunderston,61445,Peru,2348963429771
204,"Oneill, Gomez and Vaughan",Emily Kennedy,"11136 Jones Ramp Suite 082
Port Laura, TN 54396",Garrettmouth,21126,Ecuador,2348976215271
205,"Hernandez, Frank and Berg",Eric Hill,"7804 Hudson Hills
Amberfurt, LA 39217",South Heidiport,62619,Angola,2348930105624
206,Garcia Inc,Julie Parker,"4669 Ray Orchard Suite 327
Dennisshire, HI 17435",Sherriport,36808,Botswana,2348051031958
207,Adams Ltd,Dr. Christopher Cohen,"00031 Nicole Park Apt. 438
Jenniferchester, GA 32030",South Patrick,07534,Marshall Islands,2348799697269
208,"Romero, Sweeney and Cohen",Roberto Jackson,"USNS Salazar
FPO AA 84469",Alvaradoport,27592,Iraq,2348969683710
209,"Cohen, Alvarez and Johnson",Richard Lutz,"Unit 9498 Box 1014
DPO AE 36307",Lake Christopher,75377,Comoros,2348104641890
210,Doyle Ltd,Jeffery Mann,"33791 Michele Pass Suite 279
Johnville, ME 64212",South Jeffmouth,77519,Brunei Darussalam,2348160808389
211,Johnson-Anderson,Connie Bush,"5316 Jennifer Divide
South Christina, ME 46772",Lake Mary,36664,French Southern Territories,2348965333626
212,Walton-Morrow,Ryan Stewart,"3720 Anna Fords
Stevenchester, IN 69833",Port Henry,88940,Liberia,2348989209062
213,Wall and Sons,Janet Woods,"7057 Todd Well
Lake Sharon, MI 60309",Donnaland,26413,Namibia,2348101643153
214,Mcbride-Peters,Crystal Petersen,"3033 Lynch Expressway
South Katelynfurt, MO 23259",North Christianville,65386,Nepal,2348111365409
215,"Mason, Strickland and Woods",Regina Wilcox,"540 Brown Way
South Michaelfort, OK 46495",East Katrina,24811,Malawi,2348199247723
216,Cardenas-Graves,Brenda Adams,"35300 Gates Ports
South Jordanstad, FM 76650",Lake Desireefurt,35942,Gibraltar,2348965655384
217,"Warner, Charles and Savage",Donald Dyer,"Unit 2997 Box 4630
DPO AE 72649",Glenfurt,40372,New Zealand,2348740519558
218,"Richard, Padilla and Burke",Shelia Young,"8394 Sanchez Wall
Cooperside, MS 42503",Elizabethfurt,38867,Svalbard & Jan Mayen Islands,2348738141572
219,"Freeman, Bruce and Scott",Derrick Dunn,"57193 Beck Greens
North Carolynstad, ND 74767",Michelletown,67033,Sierra Leone,2348990963774
220,Cruz and Sons,Peter Brown,"52611 Curtis Tunnel Apt. 385
New Johnview, WI 94140",New James,10850,Croatia,2348197319509
221,Beck-Leach,Matthew Bowers,"362 Hodges Pass Apt. 713
Coxchester, KS 23522",Port Michellefort,35118,Armenia,2348719058769
222,"Macdonald, Deleon and Harris",Jacqueline Oneal,"52151 Kerr Locks Apt. 592
Wagnerview, MI 21772",North Jamesland,41705,Tonga,2348034726388
223,"Gibson, Washington and Anderson",Dr. Ian Sutton,"21567 Dean Lodge
New Sarahberg, GA 34870",New Gary,61001,Singapore,2348719599389
224,Flores-Carpenter,Jill Rodriguez,"7956 Rodriguez Crossroad Suite 772
Lake Gerald, DE 83162",Davidshire,68097,Cocos (Keeling) Islands,2348998733867
225,"Prince, Pugh and Bird",Doris Davis,"0470 Campos Prairie Suite 768
Christyland, CO 30415",East Joshua,85042,Germany,2348182863381
226,Duran Inc,James Brown,"142 Joyce Square Suite 775
East Paige, MH 42227",New Richard,50604,Grenada,2348158627146
227,Johnson Ltd,Jessica Torres,"9009 Zachary Lake
Kristinhaven, WI 76748",Andrewberg,08275,South Africa,2348018519425
228,"Carpenter, Schneider and Wheeler",Gerald Francis,"180 Green Crescent Suite 175
Escobarville, ND 82342",East Robertfurt,45741,Zambia,2348000925274
229,"Webb, Marquez and Waters",Heidi Thompson,"4530 Wright Pines Apt. 364
North Robert, AS 81104",Christinaburgh,76374,United Kingdom,2348064384595
230,Burke-Haynes,Stephanie Barnes,"3037 Romero Point
South Karen, VI 97729",Rubioville,18014,Canada,2348945209986
231,Bennett Inc,Jacob Torres,"167 Wright Mall Suite 979
Haysmouth, VA 46384",West Kyle,60906,Cambodia,2348983417241
232,Ward PLC,Tanya Williams,"634 Paula Ramp
Aaronmouth, VI 43597",Lake Jamesside,50624,Armenia,2348769432815
233,"Clark, Flowers and Rios",Kelly Nicholson,"4107 Hill Lakes
South Kathleenton, RI 06051",New Aaron,11787,Cook Islands,2348086651135
234,Sims and Sons,Cynthia Tucker,"9838 Merritt Passage
Wallaceshire, AL 85927",Russostad,39091,Mayotte,2348700521358
235,Goodwin PLC,Laura Stewart,"15766 Peterson Roads
Port Davidland, ND 45241",South Matthew,58714,Uruguay,2348769257735
236,"Dean, Rowe and Lowe",Robert Jones,"267 Nicole Spring
Veronicaville, AL 65144",North Patriciaton,93403,Lesotho,2348723620328
237,"Johnson, Cherry and Haley",Abigail Morales,"907 Nelson Brooks Suite 273
East Stevenmouth, WY 51151",Port Graceburgh,50950,United States Minor Outlying Islands,2348798642684
238,"Warren, Martinez and Cobb",Morgan Bell,"6977 Stokes Neck Apt. 053
West Susan, KS 56975",Ramirezberg,03725,Dominican Republic,2348729738877
239,Carr PLC,Andrew Terry,"183 Roger Shoals
Kristenberg, SC 86364",West Terri,75383,Kuwait,2348044243863
240,Conley Inc,Brandy Hill,"08917 Ryan Forge Apt. 566
Peterschester, VT 95548",Joshuaport,88810,Guadeloupe,2348794005165
241,"Jimenez, Castillo and Diaz",Brooke Foster,"34479 Perez Circle
Port Jeremy, MI 44354",South Darryl,65756,El Salvador,2348736606061
242,Decker-Clark,Vanessa Franco,"680 Edward Forges Suite 101
North Patriciamouth, TN 09082",Brandonfort,72351,Barbados,2348193440372
243,Frost LLC,Yolanda Brown,"8600 Sarah Plaza Apt. 378
North Jeffrey, AL 16937",East Shawnbury,62473,Bhutan,2348958697933
244,Adams Group,Mr. Dylan Erickson,"33370 Mary Islands Apt. 705
Hopkinston, KY 74441",Jamesside,33711,El Salvador,2348181166815
245,"Harvey, Christian and Jordan",Jason Haas,"88899 Cochran Ville
West Isaachaven, VT 39857",Lake Lisamouth,89542,Samoa,2348900035313
246,Robinson PLC,Charlene Pierce,"726 Michael Fall
Cooktown, KY 28117",Lake Philip,62690,Mongolia,2348173357958
247,Meyer-Rocha,Diane Munoz,"46863 Nicholas Well
Lake Emilyfort, GU 32820",Amandashire,81667,Bahamas,2348103767449
248,Winters LLC,Roy Young,"27615 Clayton Well Apt. 167
Thompsonfort, AK 70262",West Mark,77800,Svalbard & Jan Mayen Islands,2348932689441
249,Boyd-Santos,Angela Gallegos,"651 Connie Neck
East Charlesport, TX 15297",Ryanview,14454,Reunion,2348096385327
250,Fernandez Ltd,Kathy Stone,"52904 Perry Vista
East Annafort, VI 23998",South Laura,90895,Saint Kitts and Nevis,2348770614396
251,Hardin Inc,Timothy Mosley,"Unit 3401 Box 5839
DPO AE 51678",East Daleland,58950,Ukraine,2348053924165
252,"Roberts, Mercer and Valentine",Ashley Mcdaniel,"2913 Kelly Station Suite 460
South Petertown, AS 53259",North Danieltown,37891,Aruba,2348906898271
253,Berry Group,David Harrington,"375 Padilla Keys
South Paulshire, NJ 55054",Madelinetown,29004,Spain,2348036627488
254,Butler LLC,Alan Morris,"565 White Trafficway
Port Nicholas, MS 77989",Lake Karen,01549,South Georgia and the South Sandwich Islands,2348029455859
255,Arellano-Kent,Hannah Wright,"58154 Christopher Harbor
South Susan, VI 39152",New Chrisberg,77454,British Indian Ocean Territory (Chagos Archipelago),2348718390285
256,"Hensley, Jones and Taylor",Carrie Saunders,"438 Kenneth Keys Apt. 675
Sherriberg, KS 30706",Patriciaport,18906,Egypt,2348952811759
257,Ballard Ltd,Caitlin Hill,"4566 Deborah Ridge
New Mariamouth, MI 40002",Garciamouth,91448,Tunisia,2348761614742
258,Morrison-Carroll,Christopher Hebert,"4477 Matthew Hill
Bushfort, OR 03101",Victoriatown,25851,Saint Helena,2348013483061
259,"Schmidt, Tapia and Baker",James Page,"04257 Jason Knoll Apt. 227
South Rachel, FL 43318",Glendaberg,34706,Svalbard & Jan Mayen Islands,2348917883637
260,"Medina, Vega and Rodriguez",Kenneth Hebert,"21061 Watkins Crescent
West Wanda, NC 15280",West Robert,24884,Turks and Caicos Islands,2348720543347
261,Stone PLC,Lisa Bowman,"27678 Kramer Stream Suite 714
South Danielleland, CO 46370",South Heatherchester,25215,Guam,2348170582449
262,"Neal, Shah and Brown",Donald Powell,"57520 Hernandez Groves
Port Jessica, NY 77386",Durhamville,55562,Syrian Arab Republic,2348177661034
263,Hall Ltd,Tina Ayala,"36980 Andre Bypass Apt. 444
Gonzalezland, AK 39877",New Alisha,02843,Papua New Guinea,2348158185398
264,Griffin Group,Taylor Marquez,"973 Amy Plaza Apt. 900
Munozchester, MH 63420",North Marcus,57789,Pitcairn Islands,2348093791914
265,"Russell, Mann and Lee",Dr. Catherine Reynolds,"026 Foster Lights Suite 043
South Becky, TN 23131",Kathyhaven,08527,Haiti,2348966031527
266,"Weaver, Joseph and Parsons",Kelly Harrison,"3726 Villanueva Circle
Martinborough, PR 64121",East Paulville,29841,Tunisia,2348767448117
267,Steele-Cervantes,Gregory Hebert,"PSC 4351, Box 2386
APO AE 37477",Port Nancychester,78347,Bangladesh,2348168880911
268,Brown Group,Lauren Lane,"9607 Watson Station Apt. 404
Johnport, IN 73776",Lake Nicolebury,59141,Tunisia,2348161082212
269,Dunn-Dunn,Tyrone Bean,"42906 Huffman Pine
Andreafort, MO 93613",Andreafurt,87727,Tunisia,2348019171255
270,Blanchard Ltd,James Parker,"482 Lee Mews
Lake Hannahport, OR 36699",Lake Danielleshire,59883,San Marino,2348029415022
271,Cooper-Cook,Matthew Richardson,"USCGC Johnson
FPO AP 08749",Denisemouth,19651,Kuwait,2348719872767
272,"Parker, Gross and Chambers",Mr. Ethan Tucker,"453 James Street
Williamsfort, TX 44898",Markfort,14400,Afghanistan,2348105469363
273,"Park, Matthews and Curtis",Alice Foster,"2569 Lindsey Streets Suite 545
New Gregorybury, ID 13406",Gravestown,88971,Nigeria,2348725043218
274,"Murphy, Gilbert and Armstrong",Andrew Morris,"6954 John Groves Apt. 808
Pollardtown, WV 66676",North Charlesstad,60897,Lithuania,2348181628725
275,Martin-Hobbs,Scott Owens,"79119 Melissa Mill
Lake Ashley, DE 06240",Brooksville,49198,Israel,2348179103127
276,Snyder PLC,Mark Cross,"18833 Danny Ville Apt. 095
West Danny, DC 42202",New Melissa,90401,Malta,2348787192957
277,Romero Group,Hannah Clay,"455 Joseph Loop
Deborahmouth, RI 02730",Shafferberg,89716,Eritrea,2348930747015
278,"Trujillo, Kane and Holland",Cory Waters,"USNS Dalton
FPO AE 37587",New Melissa,76219,Saint Pierre and Miquelon,2348076663811
279,Flores-Gillespie,Paul Reed,"14580 Turner Overpass
New Baileyton, RI 93060",South Johnport,30749,Georgia,2348916641034
280,"Johnson, Wilkins and Dixon",Christian Harris,"37107 Katelyn Well
Sampsonmouth, FM 61388",New Dawn,01489,Serbia,2348936314819
281,Whitehead-Gregory,Jamie Garcia,"5422 John Square
West Samanthabury, HI 57646",Hornmouth,84786,British Indian Ocean Territory (Chagos Archipelago),2348979167901
282,Kennedy Group,Deborah Miles,"70422 Hernandez Square
South Edwardburgh, NM 49476",North Kathleenfurt,03955,Togo,2348064458881
283,Gomez Ltd,Gregory Lang,"91819 Johnson Burgs Suite 615
Lake Melinda, WV 65328",North Casey,72289,Burundi,2348984973267
284,Nelson LLC,Mariah Levy,"9112 Clarke Mills Apt. 373
East Joseph, KS 72165",West Ashley,81949,Nicaragua,2348927305176
285,Harrison Inc,Daniel Kirk,"603 Velazquez Valley
New Kimberly, UT 67509",Bowmanstad,69374,Liechtenstein,2348010731387
286,Evans Inc,Michele Keller,"504 Robin Radial
New Larryfurt, NC 61505",Charlesfort,47437,Western Sahara,2348930186893
287,"Cook, Patterson and Bryant",James Webb,"433 Eric Lakes Suite 574
Karenmouth, MD 46584",West Andre,17924,Cuba,2348715623169
288,Green-Reed,Shelly Craig,"210 Smith Forks
Lake Steven, WA 45394",Ryanstad,43301,Somalia,2348193144203
289,Kaufman-Nunez,Troy Blackwell,"66607 James Fall
Port Angela, MO 81227",Lake Zachary,99085,France,2348159686459
290,Ortiz LLC,Melissa Hendricks,"USNS Dougherty
FPO AP 32728",Andersonview,74604,Marshall Islands,2348973443385
291,"Maxwell, Williams and Mendez",John Phillips,"1025 Elizabeth Course Apt. 469
Johnsonchester, AL 96488",Christopherport,25674,Grenada,2348076704517
292,Jacobs-Molina,Laura Waller,"0376 Rogers Street Apt. 721
Gracestad, MD 37599",South Melissaland,66189,Taiwan,2348763422321
293,Mitchell LLC,Brett Ortiz,"16182 Elizabeth Ridges Apt. 266
Carlafurt, NE 64310",East Justinville,59551,Kazakhstan,2348747958342
294,Serrano-Smith,Steve Curtis,"7855 Waters Rue
Jeffreyton, WV 70292",Christopherburgh,58585,Germany,2348029867127
295,Jones Group,Anthony Stephens,"494 Anne Walk
Ellenport, NV 58259",Evansfort,16437,Bulgaria,2348921036036
296,"Gonzalez, Mason and Roberts",Lisa Buchanan,"211 Perkins Union Suite 901
Byrdfort, MI 80993",Brownborough,67023,British Indian Ocean Territory (Chagos Archipelago),2348080255303
297,Thomas-Garcia,Steven Mcbride,"4697 Thomas Cove
East Angela, HI 16892",Douglasport,97114,Nicaragua,2348003326448
298,Johnson and Sons,Melanie Johnson,"1805 Sanford Crossing
New Stevenberg, OH 56950",Oconnorside,93001,Sweden,2348709569535
299,Stephens-Kennedy,Timothy Wood,"63334 Brian Turnpike
Garciamouth, MP 06555",Christineborough,29956,Benin,2348948010246
300,"Garcia, Hall and Roth",Christopher Fuller,"3085 Downs Crescent
New Dawnmouth, CT 66201",Vincentfurt,33906,Faroe Islands,2348763907264
301,"Hancock, Evans and Heath",Lisa Cruz,"USS Hickman
FPO AE 88635",Thomasbury,14268,Korea,2348182982255
302,Simpson and Sons,Madison Aguilar,"PSC 6270, Box 6239
APO AP 09998",Brownshire,03751,Chile,2348187448871
303,"Aguilar, Johnson and Franklin",Catherine Wolf,"185 Hendricks Station Suite 549
Scottside, IL 88802",Johnsonstad,87170,Israel,2348113278748
304,Stephens-Logan,Michelle Tyler,"72681 Carlos Passage Apt. 146
New Alice, MD 16823",New Kimberg,02546,Brunei Darussalam,2348022423990
305,"White, Browning and Gutierrez",Melissa Hubbard,"426 Mcdowell Crest Apt. 425
Torreston, NV 51622",West Jacobland,78401,Ecuador,2348053241529
306,"Mora, Miller and Jones",Rebecca Jones,"85119 Weaver Ranch Suite 963
Williamsland, AK 58131",Feliciaville,87848,Finland,2348011233807
307,Patrick and Sons,Kenneth Wiggins,"23132 Wilson Street
Steveberg, WY 24386",West Jordan,81897,French Polynesia,2348184322007
308,Snyder Ltd,Becky Wood,"28717 Frazier Bypass Suite 504
East Jessica, CO 31631",South Laura,85815,Korea,2348011964984
309,"Owen, Garza and Brewer",Jessica Vasquez,"370 Heather Rapid
Jenniferville, VI 56958",Port Timothyfurt,23688,Togo,2348108382196
310,"Reese, Thompson and Jackson",Jeffrey Roberts,"32385 Smith Ridge Suite 345
Dodsonbury, NY 03065",Lake Rachelside,93717,Japan,2348704500766
311,Ortiz PLC,Jason Turner,"15983 Williams Coves Apt. 262
North Tina, NM 92454",East Peter,01467,Honduras,2348780901729
312,"Hess, Neal and Mack",Cody Koch,"359 Hunt Cliffs Apt. 981
Bowmanhaven, NC 30317",North Scottfort,67721,Switzerland,2348049422022
313,Williams-Bradley,Carla Martin,"795 Douglas Viaduct Suite 230
Jamesside, OK 66212",Heidiborough,08804,Cote d'Ivoire,2348743280417
314,Larson-Murphy,Christina Lara,"1460 Kane Extension Apt. 325
Hallfurt, WI 56745",Michaelport,38872,Holy See (Vatican City State),2348120167335
315,"Martinez, Diaz and Cox",Laurie Sullivan,"60580 Rhodes Grove Apt. 904
Camposborough, AR 49579",Costaside,50535,Bolivia,2348016132863
316,Ramsey PLC,Bernard Taylor,"16313 Ballard Mills
North Juliaview, IL 08818",New Amandaview,13636,Kyrgyz Republic,2348965386506
317,Coleman PLC,Lisa Smith,"304 Sheri Spur Apt. 693
Annafort, MP 52236",Jennifertown,09810,Netherlands,2348749468276
318,Villa-Oliver,Dennis Higgins,"7578 White Station Suite 542
New Anna, HI 55320",Port Deborahfort,21297,Ecuador,2348183779626
319,Boyd PLC,Joseph Rivera,"170 Vicki Land
West Richardville, OR 22510",South Andreaville,56308,Hong Kong,2348126165962
320,Perez-Wagner,Stephen Lopez,"6876 Shannon Islands Suite 298
Port Destiny, HI 10318",Whitefort,23284,Costa Rica,2348146220231
321,Rocha LLC,Jordan Alexander,"2989 Garcia Forks Suite 660
Ericside, FM 63548",North Michelle,67004,Solomon Islands,2348147869424
322,"Morales, Cruz and Campbell",Amanda Horn,"781 Williams Trail
East Joel, NE 42479",Benjaminhaven,41038,Bahrain,2348939526514
323,"Evans, Morris and Garner",Amanda Cantu,"1770 Don Fall Apt. 036
Paceside, AL 45871",Taylorfort,08442,Somalia,2348093694267
324,Douglas Group,Lori Meyer,"5752 Perry Drive
Port Pamelachester, MD 07931",Reidmouth,19047,Switzerland,2348712615930
325,Johnson-Mason,Nicole Hunter,"5961 Sarah Key Suite 616
New Deniseland, FM 40060",Port Alyssa,51492,Canada,2348763421849
326,"Sutton, Harrington and Prince",Samuel Floyd,"37587 Chavez Mission
North Christopherview, TN 75276",Ryanland,88841,Haiti,2348133646595
327,Griffin Ltd,David Baker,"544 Fox Shores Suite 956
Port Jessicatown, AK 41343",East Christine,19658,Tanzania,2348021785695
328,Watson-Stevens,Isabella Perry,"88266 Randall Shoals Suite 223
New Mary, MO 82040",Port Kathleenview,62620,Ireland,2348143220554
329,"King, Buchanan and Brown",William Jennings,"61498 Nicole Lodge
Port Williamburgh, NJ 00703",West Matthew,57730,Greenland,2348775580898
330,Young and Sons,Andrew Townsend,"06670 Lewis Manor Apt. 732
Port Kimberlyland, MI 09680",North Annport,19444,Lebanon,2348733359514
331,"Hudson, Crawford and Martinez",Ryan Black,"79760 Michael Ridge Suite 130
Ianshire, ME 23052",West Sharon,05588,Belize,2348178001803
332,Stanton Inc,Todd Smith,"288 Vega Canyon
West Tracyton, WV 05693",Blevinsstad,96170,Ireland,2348921383728
333,Garcia Group,Allison Cuevas,"437 Campbell Viaduct Apt. 608
Hallton, AZ 86709",Davisfort,66657,Guadeloupe,2348997553003
334,Saunders-Estrada,Julie Rivera,"536 Yu Throughway
Cynthiastad, WI 44423",North Benjaminfurt,76608,Malawi,2348968823343
335,"Wilson, Austin and Smith",Dennis Foster,"1804 Durham Course Suite 975
Annchester, OK 33116",South Jillland,41350,Luxembourg,2348922545949
336,Perez Group,Thomas Levine,"27409 Robert Corner
Jonathanshire, NJ 88563",North Melissa,15488,Saint Helena,2348061428363
337,Mack Inc,Lauren Lynch,"696 Michael Squares
Port Peterburgh, DC 82423",Lake Jenniferfurt,65595,Saint Kitts and Nevis,2348768592319
338,"Price, Ruiz and Malone",Barbara Park,"21049 Martinez Trace Apt. 177
Youngtown, GU 72077",West Matthew,29970,United States Minor Outlying Islands,2348156132889
339,Richards-Ortiz,Aaron Patel,"574 Jeffrey Loop Suite 494
Pratthaven, IA 57660",Hensonview,96235,South Africa,2348069531372
340,Wise and Sons,Tammie Lewis,"6729 Cooley Roads
New Jacob, VA 11299",North Williamside,25470,Azerbaijan,2348140940424
341,"Sims, Graham and Andrade",David Murray,"8714 Johnson Hollow
East Danielmouth, AS 25702",West William,80492,Ireland,2348002470768
342,Johnson-Scott,Kenneth Hunt,"629 Chandler Junctions
Colleenside, GU 82478",Juliastad,76897,Haiti,2348152991906
343,Gonzales and Sons,Stacy Reyes,"709 Stein Court Apt. 786
Jennifertown, MO 16244",Kellymouth,43935,Switzerland,2348118804918
344,Johnson-Norman,Cynthia Alexander,"6668 Kevin Forges
South Michael, PW 87933",South Matthew,27867,San Marino,2348909073152
345,Freeman Ltd,Heather Smith,"797 Patrick Crossing Suite 915
Haynesberg, WV 24045",Lake Michael,94763,Togo,2348131646303
346,Johnson LLC,Julia George,"USS Baker
FPO AE 86990",Feliciaborough,36854,Austria,2348149419166
347,"Porter, Richardson and Griffith",Brian Martin,"86836 Stephanie Wells
New Jean, OK 58562",Sarahside,75755,Tokelau,2348142009966
348,Harmon-Duran,Jessica Travis,"35095 Romero Ranch Apt. 528
Davisfurt, NM 25114",Kirkfort,54231,Reunion,2348794029619
349,"Perry, Bartlett and Walker",Jonathan Gaines,"515 Benjamin Views Suite 064
Ambermouth, CO 70890",New Melissaland,53346,Qatar,2348078350868
350,"Watts, Warren and Hanson",Andrew Young,"5661 Gibson Mountains Apt. 094
Charlesborough, SD 56604",West Kristinfort,73628,Algeria,2348067302889
351,"Jacobs, Allen and Clark",Matthew Ruiz,"Unit 3883 Box 5387
DPO AP 48362",Dianaberg,12353,Venezuela,2348748446177
352,"Robbins, Valenzuela and Cunningham",Maria Owen,"40481 Jeremy Curve Suite 357
Michaelberg, NM 22277",Kelseytown,78639,Fiji,2348968208668
353,Lee LLC,Janet Flores,"4952 Adam Tunnel Suite 201
Hudsonburgh, WI 22460",Wilsonport,25525,Ethiopia,2348925382390
354,"Lucas, James and Brown",Lauren Castillo,"8149 John Shores Apt. 800
South Markhaven, WI 91276",Thomasmouth,75894,Greece,2348006602799
355,Bean LLC,Dawn Olson,"2881 Harrison Ports Apt. 496
North Theresa, OK 85346",South Chelsea,30124,Mozambique,2348040466540
356,Green and Sons,Yolanda Howard,"88104 Huang Mill Suite 872
North Christinachester, MA 28085",Michaelhaven,42650,Montenegro,2348978207435
357,Mendoza Ltd,Karen Morrow,"4947 Patel Summit Apt. 182
Autumnfort, KY 12045",East Jamesmouth,23974,Cuba,2348784638147
358,"Novak, Johnson and Wade",Charles Ferguson,"60224 Andre Harbors
Johnsontown, AZ 24984",East Bryan,34266,Macao,2348776081959
359,Moore and Sons,Mark West,"262 Jacob Stream Suite 848
Sellerstown, NM 69467",Hansenchester,26303,New Zealand,2348749164001
360,Davis and Sons,Elizabeth Williams,"0547 Stephanie Passage
Sharonfurt, RI 43294",Jonesbury,74739,Zimbabwe,2348917034165
361,"Sullivan, Armstrong and Garcia",Megan Stout,"370 Obrien Forks
Michaelmouth, DE 04253",Ericahaven,28547,Greece,2348040383971
362,"Marshall, Doyle and Ryan",Scott Carlson,"6727 John Roads Suite 596
Jacquelineside, ND 09335",Derrickstad,95332,Dominica,2348972412514
363,"Williams, Marshall and Robles",Heather Gardner,"884 Thomas Spur Apt. 803
Sarahburgh, VT 69392",Lake Deborah,50597,Svalbard & Jan Mayen Islands,2348907197950
364,Le and Sons,Danielle Sullivan,"25611 Richardson Plaza Suite 150
Masseyport, SD 66322",Port Justin,16031,Isle of Man,2348918192132
365,"Wright, Vargas and Evans",Aaron Brown,"28596 Moore Parkways
Port Leonport, FL 38795",Lake Amy,45758,Saint Pierre and Miquelon,2348923707246
366,Knight Ltd,Christopher Myers,"PSC 1364, Box 2472
APO AA 27053",Raymondhaven,26450,Anguilla,2348917536601
367,Medina-Wagner,John Benton,"5673 Zachary Ways
Pattersonstad, NV 67023",West Elizabeth,48339,Haiti,2348031592143
368,Fritz Group,Hayley Ball,"0387 Richard Point
East Michele, MS 97300",Sanchezstad,20700,Cambodia,2348052685556
369,Alexander and Sons,Nicole Hester,"74310 Carey Park
East Christina, UT 75098",Lake Justin,94924,Qatar,2348980608876
370,Klein Ltd,Francisco Morrison,"10288 Boyd Meadows Suite 214
Jenniferberg, OH 18329",Emilyside,51380,Madagascar,2348775789727
371,Matthews-Rodriguez,Robin Burch,"323 Palmer Ferry
New Kathleen, TX 50838",Jacobhaven,53934,Netherlands Antilles,2348713549860
372,Williams LLC,Gregory Garrett,"8226 Steven Forks Suite 942
Port Daniel, ID 09798",Waltersview,97060,Turks and Caicos Islands,2348934898620
373,Mason-Henderson,Michael Palmer,"045 Rios Island
East Jordanstad, KS 21374",Port Danielle,30350,Cameroon,2348947672050
374,Huerta-Harris,Sarah Johnson,"89010 Latoya Oval
East Kenneth, ID 46018",New Taraton,44714,Netherlands,2348110544722
375,"Neal, Decker and Paul",Guy Zuniga,"5560 Frank Lane
West Lorichester, MA 28058",Vangview,84271,Sweden,2348132735600
376,Jenkins and Sons,David Klein,"464 Darren Tunnel Suite 064
Lake Carlosside, FM 77461",East Mark,92863,New Caledonia,2348959990671
377,"Martin, Williams and Perez",Katie Martin,"Unit 7514 Box 9271
DPO AP 85378",Port Michelleside,71232,Mauritania,2348772858859
378,"Cruz, Wilson and Whitehead",John Russell,"902 Martin Tunnel
Martinfurt, CA 36664",East Elizabeth,93648,Korea,2348927303040
379,"Williams, Castro and Vega",Stacy Holmes,"3321 Kelly Prairie Suite 442
Port Juliashire, MH 84304",Port Amandaland,55868,Holy See (Vatican City State),2348770646237
380,Garcia and Sons,Diana Silva,"4139 Flowers Streets Suite 462
Ellisport, IA 87527",Jocelynborough,93079,Argentina,2348720568238
381,"Ross, Lopez and Rodriguez",Michelle Bush MD,"29357 Hinton Mission
Donaldport, IA 49257",Lake Michelleborough,23076,Nicaragua,2348961809114
382,Peters-Ryan,Marcus Hutchinson,"USCGC Adams
FPO AP 49634",Port Ashleyton,15128,Kiribati,2348797261494
383,Martin Ltd,Felicia Johnston,"371 Joshua Terrace Suite 531
Timothyberg, MA 70451",South Don,28473,Northern Mariana Islands,2348013672740
384,Harris and Sons,Louis Bates,"7863 Young Lane Apt. 216
Christophertown, UT 04565",Port Meghan,38382,Italy,2348738711821
385,Sanchez-Burton,Chloe Mccann,"7264 Carol Hill
East Mary, AS 51042",South Kyleville,53313,Germany,2348188042080
386,"Mccall, Calhoun and Carter",Alex Mason IV,"7723 Yvonne Walk
Port Matthewmouth, FL 15987",Port Gregorychester,18624,United Arab Emirates,2348006632521
387,"Brown, Greene and Greene",Raymond Carrillo,"USS Smith
FPO AE 75085",Jamesborough,08352,Mexico,2348904159513
388,Holloway-Ray,Danielle Hill,"98455 Brandon Mall Apt. 249
Rojasport, PW 71568",North Joeton,06718,Nicaragua,2348763567617
389,Castro PLC,Ashley Weaver,"151 Suzanne Ford Apt. 218
Rileyfurt, NH 24722",Williamborough,84016,Montenegro,2348093778300
390,"Hoffman, Gibbs and David",Cynthia James,"24530 Rogers Mountain
New Jessica, MA 41734",Michaelshire,13468,Vanuatu,2348907051322
391,"Johnston, Shea and Pierce",Rachel Mitchell,"056 Edwards Extensions Apt. 633
New Breannaberg, NJ 66851",Christophertown,20423,Georgia,2348173299580
392,Daniels PLC,Michael Berry DDS,"00530 Williams Points
West Jessica, DC 44163",Jeffreytown,01735,Montenegro,2348794756654
393,Garcia LLC,Mr. Mark Davis,"018 Ramirez Turnpike Suite 312
New Heather, AL 21414",New Christophershire,74207,United Kingdom,2348948760239
394,Marsh Group,Rachel Wright,"662 Wilson Club
West Stephanie, NE 18370",North Christopher,07540,Greenland,2348717168131
395,Hawkins-Stone,Jennifer Torres,"USNS Williams
FPO AA 15168",Ashleefurt,26660,Belgium,2348125289051
396,Simon-Love,Alexa Schneider,"3540 Farley Light
North Nicholaston, IA 36406",Kimberlymouth,38061,Uzbekistan,2348013617527
397,Jones-Fischer,Joseph Wyatt,"3170 Kevin Turnpike
Lake Jeanne, MS 38866",Vangside,37589,Serbia,2348125010739
398,Ortiz-Johnson,Dana Benitez,"925 Timothy Shores Suite 990
Port Karentown, WA 65339",Barajashaven,39190,Saudi Arabia,2348101819608
399,Anthony-Smith,Sean Johnson,"9649 Stacie Walks Suite 468
Crawfordchester, NY 71716",West Sara,47265,Guinea-Bissau,2348792953019
400,Cooper LLC,Theresa Bolton,"777 Cynthia Squares Apt. 609
Kevinchester, AR 06965",Lisaview,64662,Tajikistan,2348153939900
401,"Mccormick, Grant and Daniels",Morgan Pierce,"69603 Beard Trail
Port John, MP 44008",Martinezside,78551,Ukraine,2348082847754
402,Fleming-Marsh,Michael Fischer,"USCGC Murphy
FPO AE 65917",East Kenneth,91904,Gabon,2348062336529
403,Smith PLC,Meredith Reyes,"8106 Samuel Track
Steveview, NE 81680",Lake Latoyaland,42161,Latvia,2348726711310
404,"Wilson, Garcia and Powers",Brian Spears,"499 Lane Ridges
Jacobtown, UT 43969",South Michael,62742,Korea,2348150831372
405,Beasley Group,Melinda Smith,"USS Kidd
FPO AE 18948",Erinport,32683,Argentina,2348915334969
406,"Bell, Park and Koch",Bryan Larson,"9975 Harmon Mission
West Felicia, PW 93230",Nicholastown,95682,Canada,2348167574181
407,"Fry, Mcgee and Herrera",Nicole Todd,"309 Rowe Curve
Allenshire, KY 20689",Lake Sarahside,62682,Lebanon,2348009628610
408,Booth Inc,Tracy Anderson,"7245 Lewis Village Suite 106
Stevensborough, PA 10250",Martinezview,61512,Suriname,2348993968569
409,"Pierce, Williams and Murphy",Carrie Brown,"Unit 3888 Box 7781
DPO AA 13432",Jamesland,12301,British Indian Ocean Territory (Chagos Archipelago),2348072741729
410,"Green, Spence and Watts",Patrick Williams,"737 Maria Street Suite 368
North Tonya, FM 30941",Torresport,19940,Cayman Islands,2348045125861
411,Livingston Group,James Scott,"50475 Jennifer Ridges
Port Elizabeth, CA 92365",East Andrewstad,52022,Liberia,2348911131363
412,Yang and Sons,Matthew White,"08561 Coleman Shores Apt. 665
Margaretchester, MN 47567",Nealville,88625,Madagascar,2348088198613
413,Torres LLC,Jesse Taylor,"USCGC Morton
FPO AP 72316",North Ebonyland,25754,Eritrea,2348035943918
414,"Huang, Hayes and Ward",Jennifer Price,"75846 Trevino Brook
East Mitchellbury, TX 20653",Kennedytown,73600,Sudan,2348140048216
415,"Bray, Franco and Murphy",Derek May,"229 John Springs
Jenniferfurt, PW 40658",North Matthew,25371,Bulgaria,2348777834105
416,"Flores, Weber and Faulkner",Todd Barber,"51419 Garcia Village Apt. 727
Wrightbury, PW 81904",South Andrew,99740,United States Minor Outlying Islands,2348023765971
417,"Armstrong, Cook and Clark",Paul Smith,"69980 Richard Landing
Joyceton, FM 95433",Lake Sarah,20127,Thailand,2348742447800
418,Ortiz-Vargas,Tara Robinson,"91258 Michael Dale Apt. 495
Kristineland, WY 41489",West Benjaminland,69362,Palau,2348070599146
419,Dudley-Krueger,Ashley Merritt,"0557 Romero Fork Suite 359
North Darinfurt, OH 30904",Davisfort,30459,Afghanistan,2348996289553
420,"Torres, Johnson and Harrington",Samantha Munoz,"24167 Breanna Lights Apt. 802
Heatherberg, WV 98127",Smithmouth,76525,Belize,2348109392988
421,Mckee-Martin,Allison Wells,"595 Jones Vista Suite 797
Terrellberg, VI 51791",Johnsonview,05142,Tanzania,2348143094459
422,Mclean-Lee,Vincent Adams,"62740 Smith Circle
West Mitchellview, DC 99439",Margaretville,36122,Vietnam,2348945672532
423,"Garza, Torres and Hampton",Debra Baker,"71718 Bartlett Fords Apt. 150
Brendaton, UT 09400",Lake Jamesville,17090,Saint Kitts and Nevis,2348919099708
424,Butler Group,Angela Hall,"875 Osborn Parkway
Port Michelleshire, MN 81977",Mendozaborough,95619,Vietnam,2348114405157
425,"Moore, Fields and Flynn",Amber Becker,"338 James Ford Apt. 222
South Alison, NC 39583",North Sierra,18208,Guernsey,2348916189199
426,Thornton-Stone,Crystal Davis,"5100 Mary Green Suite 895
Curtisbury, ME 35194",South Connieberg,13898,Gambia,2348001392071
427,Wilson-Barker,Jason Hill,"88555 Hughes Turnpike Apt. 267
Mcdonaldfort, PR 66087",Morganton,24689,Brunei Darussalam,2348128087596
428,Cherry and Sons,Elizabeth Evans,"PSC 7845, Box 2141
APO AE 17970",Ashleyside,19919,Poland,2348000201075
429,Smith LLC,James Martin,"94172 Megan Green Suite 716
West Ashley, WY 51546",Port Michael,49202,Armenia,2348073840104
430,Conley LLC,Jennifer Foster,"97068 Cindy Trafficway
North Colleenfort, IN 52342",Joshuahaven,04993,Lao People's Democratic Republic,2348025139825
431,Porter Group,Martin Nunez,"24389 Wendy Lodge
Lake Nathanielberg, HI 45711",Roberttown,93619,Norway,2348127304222
432,Walker PLC,Angela Stevens,"USS Ray
FPO AE 74364",Pattersonburgh,86382,Cameroon,2348039683099
433,Gibson-Decker,Pamela Dean,"1155 Thompson Springs
Yvetteshire, NE 93267",South Gregory,45936,Equatorial Guinea,2348789999282
434,Johnson and Sons,Rebecca Tran,"6091 William Harbors Apt. 274
Smithberg, CA 74490",North Benjamin,07996,Botswana,2348003071741
435,Richmond-Taylor,William Johnson,"743 Edward Roads Apt. 448
Marshallfort, ID 39804",Foxstad,89604,Martinique,2348181376689
436,Nelson-Ramirez,Aaron Lee,"3932 Fitzpatrick Inlet Apt. 180
West Robert, ID 10008",Whiteberg,66676,Tonga,2348734867631
437,Ballard LLC,Alexis Haynes,"379 Jeffrey Villages Suite 821
Angelamouth, MS 55109",Coxland,09668,Sri Lanka,2348974387987
438,"Brewer, Meyer and Harris",Travis Robinson,"15549 Morris Mountain
North Tara, ID 96944",South Morgan,31026,Egypt,2348928613271
439,Sims Ltd,Joseph Lambert,"19035 Mullins Lodge
Ramirezport, NJ 99231",Snyderborough,41453,Monaco,2348189829324
440,Kim PLC,Jessica Matthews,"4926 Jennifer Greens
Gregoryport, OR 84475",Keithstad,44271,Moldova,2348086961223
441,Daniel PLC,Danielle Wells,"07812 Evans Forks Suite 596
Williamton, AL 47980",East Jessicaview,01156,Ukraine,2348040660168
442,Gonzalez-Sanchez,Ashley Richardson,"46079 Daniel Court Apt. 682
Aaronport, PA 83760",Lopezville,36549,Netherlands,2348782874018
443,Jordan Ltd,Laura Cruz,"388 Moore Neck Apt. 074
Villegasbury, ME 37611",North Erik,75019,Central African Republic,2348059340792
444,"Cooper, Williams and Fernandez",Jessica Dickson,"55949 Stein Plaza Apt. 650
East Katie, MO 62766",Port Alexander,80379,Israel,2348719742175
445,Guerrero-Schultz,Allen Rice,"02916 Mccormick Drive
Vincentmouth, MS 47388",Michaelburgh,52019,Belarus,2348787571131
446,Potter-Ramirez,Craig Love,"96803 Martin Circle Apt. 680
Christianburgh, CO 38040",Bonillahaven,79612,Ukraine,2348912034152
447,Allen-Hudson,Mary Moss,"9881 Alison Pines
Vaughnland, MI 30680",Mossview,67765,New Caledonia,2348000269372
448,"Koch, Johnston and Roberts",Amber Jones,"0515 Cook Springs
New Jonathanshire, MA 66312",Matthewberg,20252,Portugal,2348945265176
449,Chang PLC,Craig Snyder,"259 Ray Corners
East Sara, PW 42425",North John,14920,Rwanda,2348998105790
450,"Farley, Thomas and Bullock",Kathleen Santos,"3800 Bryan Village
Mooreville, DC 74161",North Kimberlyport,80718,French Southern Territories,2348939391251
451,"Carr, Grimes and Ortiz",Pedro Martin,"322 Mcbride Keys
Lake Sherri, AK 42398",Dodsonport,65526,Kuwait,2348076112813
452,Schmidt PLC,Ann Richardson,"673 Jennifer Walk Suite 734
Delgadohaven, NH 48791",South Tinatown,37232,Saint Lucia,2348182966541
453,Ramirez-Jenkins,Olivia Harrison,"1752 Joshua Drives Suite 253
Hoview, CT 39079",Anthonyshire,04375,Saint Pierre and Miquelon,2348975060001
454,Cortez LLC,Evan Chase,"USS Stevenson
FPO AA 31897",Ellisonberg,47748,Maldives,2348988041578
455,Mccarthy Group,Gina Sanchez,"PSC 6415, Box 9757
APO AP 78578",New Anthony,34932,Korea,2348756437045
456,Mullen Ltd,Warren Vincent,"7670 Campos Shoal
North Austin, MP 21332",Jenniferhaven,20498,Micronesia,2348778539802
457,Wall-Davila,Rick Woodard,"815 Brown Drives Apt. 906
Richhaven, SD 29170",East Ambermouth,31836,Svalbard & Jan Mayen Islands,2348940955489
458,"Sanchez, Irwin and Thompson",Meghan Parker,"PSC 9377, Box 8820
APO AP 97421",Gregoryville,55161,Korea,2348061142139
459,Morse-Williams,Betty Hayes,"8050 Flores Field
Turnerfurt, MS 84801",Daviston,97294,Netherlands,2348040973973
460,"Richardson, Booker and Whitehead",Larry Brown,"67010 Thomas Lakes
Port Danielshire, MI 88649",North Amyborough,90123,Tonga,2348036204071
461,Conway-Aguilar,William Noble,"0518 Jason Overpass
Teresaberg, IL 39571",Wayneview,14992,Heard Island and McDonald Islands,2348907841415
462,Smith-Jones,Caroline Holt,"429 Theresa Landing Apt. 538
Jacobville, AS 94949",Franciscoberg,65124,Nepal,2348192474976
463,"Thompson, Avila and Wheeler",Tanya Davis,"064 Rachel Mountains
North Marcus, IL 02880",Piercetown,02566,Montenegro,2348783308674
464,Cantu Inc,Timothy French PhD,"0655 Hill Mountain Apt. 739
Amandachester, MS 22956",North Cynthiaton,66935,Poland,2348039841939
465,Long Ltd,Pamela Weiss,"68027 Lynch Isle
Larsonshire, MD 19870",Hunterton,95643,Guinea-Bissau,2348197412635
466,"Holmes, Buck and Kramer",Christopher Robertson,"9847 Jessica Islands Suite 339
North Kimberly, AL 47846",West Andrea,24952,Falkland Islands (Malvinas),2348706226571
467,Lee-Compton,Karen Berger,"6750 Morgan Spurs
Joshualand, DC 79645",Curtisview,45200,Timor-Leste,2348926207436
468,"Lopez, Martin and Turner",Judy Davidson,"83760 Bryan Freeway Apt. 278
Smithburgh, SD 95264",East Joseph,42210,Svalbard & Jan Mayen Islands,2348921921034
469,"Sanchez, Becker and Mcdowell",Patricia Mitchell,"98710 Fowler Crossing
Johnsonside, PA 49613",West Robin,65835,Cambodia,2348703336258
470,Garcia PLC,Teresa Liu,"0967 Tamara Crest Apt. 090
Sanchezview, FM 64293",North Laura,24696,Brazil,2348967671964
471,Brown-Shelton,Kenneth Perkins,"1641 Williams Garden Suite 906
Cordovastad, KS 91507",Andrewland,91558,Slovenia,2348950760115
472,"Juarez, Ritter and Byrd",Steven Campbell,"0590 Robert Courts Apt. 992
Gonzaleshaven, UT 10270",Prestonstad,34775,Jamaica,2348189758757
473,"Pearson, Ward and May",Jessica Ferguson,"681 Traci Locks
Ashleymouth, CT 97423",South Daniel,68262,Eritrea,2348734219005
474,Boyd and Sons,George Griffith,"00506 Ryan Extension Apt. 031
North Luisshire, ME 12268",Thompsonbury,53900,Guadeloupe,2348954393619
475,"Aguirre, Silva and Kelley",Shannon Mendoza,"03102 Jensen Drive Apt. 725
West Eric, UT 80841",West Kristinshire,74283,Greenland,2348028435631
476,Hutchinson-Kelly,Lawrence Lopez,"72098 Brooks Plains
Lake Rhonda, PW 35480",South Karenmouth,32112,South Africa,2348050870543
477,Smith and Sons,Deborah Whitney,"69257 Logan Views Apt. 064
Stevenville, VA 84821",Veronicaside,85433,Tanzania,2348147858445
478,Stewart Inc,John Cuevas MD,"789 Rivera Way Apt. 003
Wallfurt, FM 15363",Port Isaiahview,13145,Chad,2348919066831
479,Richardson Inc,Timothy Wilson,"USS Williamson
FPO AA 55008",East Lisa,72058,Ghana,2348708240007
480,"Castaneda, Harding and Lindsey",Joseph Roberts Jr.,"Unit 9475 Box 3770
DPO AP 11484",Port Michelle,00546,Belgium,2348719983825
481,Carlson Ltd,Bradley Ross,"4500 Brandon Spurs Apt. 122
New Jennifer, VI 51520",Thomasport,11660,Slovakia (Slovak Republic),2348118121868
482,Reed-Carney,Cynthia Moreno,"2309 Elizabeth Road Suite 727
Maryshire, TX 21154",Lake Christophermouth,48521,Iceland,2348133560960
483,"Davis, Perkins and Barajas",Jesse Crane,"69411 Mendoza Roads
North Janetchester, FL 24551",South Sean,78033,Portugal,2348932996452
484,Bishop-Moreno,Justin Brown,"67432 Ross Points
Nicholasville, CO 04333",New Michaelmouth,07454,Jordan,2348798383009
485,Huerta Group,Janet Perez,"USNS Chambers
FPO AA 32275",Harrellhaven,92594,Suriname,2348010010688
486,"Smith, Carter and Valencia",David Stone,"35449 Ana Avenue
West Jenniferborough, MS 81659",East Joseph,36375,Saint Pierre and Miquelon,2348724435984
487,"Day, Jones and Underwood",Michael Hubbard,"Unit 2587 Box 2067
DPO AP 80652",Amandaview,24183,Germany,2348185713494
488,Conrad PLC,Gregory Barron,"09218 Tracy Overpass
Lake Melissaland, KY 17691",Amandaton,35326,Saint Lucia,2348712373295
489,Rivera Ltd,Todd Meadows,"83000 Bruce Motorway Suite 739
West Tina, MS 97140",Smithtown,67713,Saint Vincent and the Grenadines,2348036099928
490,Martin and Sons,Angela Blanchard,"621 Walker Drives Apt. 957
Lake Nicholasfurt, AZ 60729",South Elizabethtown,34175,Bouvet Island (Bouvetoya),2348066696012
491,Miller-Jones,Steven Jefferson,"064 Pamela Fort Suite 809
North Briantown, AK 57132",Casechester,51960,Mozambique,2348954244834
492,"Pacheco, Porter and Baker",Paul Walker,"64474 Anthony Ports Apt. 280
Jacksonhaven, MD 50232",Wyatthaven,06466,Fiji,2348760320549
493,"Nelson, Hall and Thompson",Gregory Johnson,"722 Raymond Pike
Morrisonshire, SC 55577",Lake David,55568,Tunisia,2348113210266
494,"Stewart, Acosta and Ayala",Mr. Randy Nguyen,"75693 Patrick Springs Suite 965
South Michelletown, AL 52036",North Charles,57301,Argentina,2348183823577
495,Washington-Nelson,Felicia Fuller,"6720 Ethan Grove
Anthonyberg, IL 37624",West Michaelport,93803,Central African Republic,2348117913241
496,Wood-James,Stephanie Taylor,"4764 Drake Fork
Deantown, IA 13070",West Barbaraborough,90421,Monaco,2348135241830
497,Strickland-Butler,Clinton Norton,"56748 Kline Roads Apt. 643
West Brianbury, VT 04879",Lake Michelletown,03347,Bhutan,2348797242368
498,"Tyler, Briggs and Richard",Taylor Stevenson,"309 Maria Trail Suite 687
New Melissa, AR 03801",South Sarafurt,81912,Kenya,2348748062082
499,Blanchard-Roberts,Nicole Mays,"774 Strong Green Apt. 557
Williambury, NJ 19897",West Williamville,24517,Lesotho,2348903644956
500,Jones Group,Russell Hill,"Unit 8823 Box 5030
DPO AE 72206",South Josephfort,58292,Zimbabwe,2348996233441
